,First,Middle,Last,Email,Company,Phone
0,Brandon,,Lynch,B.Lynch3@gmail.com,,
1,Ashley,,Hanson,AHanson9120@gmail.com,,(310) 173-3887
2,Graham,,Garcia,G.Garcia@amcnetworks.com,,
3,Justin,,Trainor,J.T.Trainor0@gmail.com,,
4,Zachary,,Caban,ZCaban@modernhorrors.com,,
5,Aaron,,Strout,Aaron.Strout0@gmail.com,,
6,Dustin,,Lane,D.Lane8845@gmail.com,,
7,Brett,,Spencer,Spencer.Brett@gmail.com,,+1 (512) 173-1475
8,Brandon,,Romero,,,(240) 912-5785
9,Jonathan,,Jones,Jones@mac.com,,(512) 492-9785
10,Omar,,Wagner,Wagner.Omar@me.com,,(281) 831-3655
11,Brooks,,,BMonson3@gmail.com,,
12,Chad,,Conrad,CConrad@inktip.com,,
13,Michael,,Wilkes,,,+1 (201) 115-6685
14,Marcus,,Westgate,MWestgate@aol.com,,
15,Jerrell,Joseph,Bean,Bean@ifcfilms.com,,
16,Kenneth,,Holder,K.Holder5120@gmail.com,,
17,Michael,,Bowyer,Bowyer1@gmail.com,,
18,,,,ACWilson@collectors.com,Collectors Universe,
19,A.G.Aria@rosellc.net,,,A.G.Aria@rosellc.net,,
20,"Lenson, David",,,,,+1 (512) 369-9054
21,Mark,,Cipolla,Cipolla.Mark@gmail.com,,+1 (713) 742-6105
22,Richard.Cortes@mlrpc.com,,,Richard.Cortes@mlrpc.com,,
23,Michael,,Oliver,MOliver@careboxprogram.org,,
24,E.J.,,Kelly,E.J.Kelly68@yahoo.com,,+1 (610) 524-8410
25,JMorrow@bep-la.com,,,JMorrow@bep-la.com,,
26,JC,,,JCSchwartz79@yahoo.com,,(301) 148-4699
27,Andrew,,Frenzel,AFrenzel1@gmail.com,,
28,Luke,,Campbell,LACampbell57@hotmail.com,,(512) 255-9641
29,Adrian,,Berlin,ABerlin@teamair.co.uk,,
30,Brian,,Garrett,BKGarrett6@hotmail.com,,+1 (610) 516-9226
31,James,,Kirby,Kirby.James@juno.com,,
32,William,,Redden,WilliamChristopher@theorchard.com,,(512) 464-2138
33,BCYamamoto758@icloud.com,,,BCYamamoto758@icloud.com,,
34,RJMuller@penguindcp.com,,,RJMuller@penguindcp.com,,
35,JJ,,Glass,JJGlass@rushordertees.com,,+1 (512) 232-2707
36,Joseph,,Brady,JosephC@utexas.edu,,
37,Christopher,,Marsh,C.Marsh@drafthouse.com,,
38,Benjamin,,Ichikawa,BenjaminM.Ichikawa@yahoo.co.uk,,(512) 496-0853
39,Matthew,,Mendoza,Mendoza.Matthew@gmail.com,,(512) 341-9318
40,Adam,,Bowman,AD.Bowman@studiosoulever.com,,
41,Robert,,Beasley,Beasley@utexas.edu,,+1 (770) 262-3765
42,Brent,Michael,Wilson,Wilson@sbcglobal.net,,
43,M.J.,,Martinez,Martinez.Matthew@yahoo.com,,
44,Adrian,,Dion,ADion149@gmail.com,,
45,tipton@freebirds.com,,,Tipton@freebirds.com,,
46,Efren,,Siekierka,ESiekierka2@gmail.com,,+1 (310) 408-2959
47,Ronald,,Edwards,RGEdwards@hybride.com,,(512) 216-5169
48,j. c.,,Harris,,,(505) 218-7162
49,J.R.,,Gray,Gray.Jeffrey@astro.as.utexas.edu,,
50,K.C.,,Kindschi,KCKindschi91@gmail.com,,
51,M.Barwis8@gmail.com,,,M.Barwis8@gmail.com,,
52,Jason,,Farran,Farran.Jason@sbcglobal.net,,(512) 716-2630
53,Zachary,Michael,Hyer,Z.Hyer23@gmail.com,,
54,Octavio,,Flack,Flack2196@gmail.com,,
55,Randy,,Lacayo,R.Lacayo@nychorrorfest.com,,
56,Kyle,,Hoffacker,Hoffacker.Kyle@b-m.law,,+1 (512) 296-9751
57,Robert,,Wild,RCWild6@gmail.com,,(832) 859-5090
58,Christopher,,Collins,Collins.Christopher@mac.com,,
59,Todd,Michael,Butterfield,Todd.Butterfield2@yahoo.com,,(307) 184-8543
60,Tyler,,Mobbs,Tyler@ew.com,,(512) 108-7077
61,John,,Kassees,,,+1 (626) 970-9529
62,Kyle,,Gaines,Gaines.Kyle@hotmail.com,,(512) 535-6263
63,Dylan,Michael,White,D.White4@gmail.com,,
64,Arnett.Troy@mac.com,,,Arnett.Troy@mac.com,,
65,J.R.Banks4@yahoo.com,,,J.R.Banks4@yahoo.com,,
66,Aaron,,Kaminer,AKaminer4@gmail.com,,(323) 850-4030
67,Darnell,,Henriquez,Darnell.Henriquez16@gmail.com,,+1 (512) 640-2934
68,RABrown1353@gmail.com,,,RABrown1353@gmail.com,,
69,William,,Montz,WMontz6470@gmail.com,,
70,Jesse,,Johnson,JLJohnson5@gmail.com,,(267) 315-9474
71,Thomas,,Brown,TBBrown5@gmail.com,,(512) 524-0645
72,Richard,,Brush,RBrush@utexas.edu,,
73,timothy,,White,TWhite8889@hotmail.com,,
74,Brian,,Homola,BJ.Homola@txstate.edu,,
75,Jacob,,Marks,JacobMarks35@gmail.com,,
76,BGonzalez@MyriadPictures.com,Joseph,,BGonzalez@MyriadPictures.com,,
77,Joseph,,Garrett,JosephA6@gmail.com,,(512) 875-4248
78,MNGarner84@gmail.com,,,MNGarner84@gmail.com,,
79,William,,Sze,WMSze@utexas.edu,,
80,Christopher,,Laminack,CLaminack7@yahoo.com,,
81,Raymundo,,Rozsa,RRozsa13@gmail.com,,
82,Andy,,Seymour,AndyC.Seymour@bifff.net,,
83,Jason,,Lacour,Lacour.Jason@gmail.com,,
84,Nathan,,Lundin,Lundin.Nathan@lgpictures.com,,
85,Collin,,snyder,CSnyder@markreeb.com,,+1 (313) 444-6464
86,DTraverse@utexas.edu,,,DTraverse@utexas.edu,,
87,Antonio,,Avila,AAvila9002@gmail.com,,
88,Zachary,,Feige,ZacharyS@fonspr.com,,(541) 257-7100
89,Shelby,Michael,Thomas,ShelbyM5456@yahoo.com,,+1 (917) 213-7692
90,Daniel,,Stephens,D.Stephens@spe.sony.com,,
91,steven,,melanson,S.Melanson@otherworldsaustin.com,,+1 (310) 399-0388
92,Jonathan,,Hooper,Hooper1@gmail.com,,+1 (512) 834-6202
93,Matthew,,Weaver,M.Weaver@MyriadPictures.com,,+1 (973) 833-1009
94,Timothy,,Mcnealy,T.Mcnealy@nationbuilder.com,,
95,Tyrone,Michael,Blackston,TMBlackston2781@yahoo.com,,(631) 365-4122
96,Jared.Pane16@hotmail.com,David,,Jared.Pane16@hotmail.com,,
97,Sean,,Jabali,Jabali.Sean@gmail.com,,
98,bryan,,larocca,B.Larocca@meridianhillpictures.com,,
99,Norman,,Ryan,NSRyan@rgear.com,,(954) 962-5061
100,jose,,guerry,J.Guerry8340@wearable.com,Wearable Devices,(512) 718-7374
101,Sean,,,SJSinclair@zoticusdesign.com,,
102,Andrew,Joseph,Miller,A.Miller9362@gmail.com,,
103,Matthew,,Brown,M.Brown@mac.com,,
104,Steven,,Chugg,Chugg.Steven@gmail.com,,
105,Jacob,,Jacobs,JJacobs8@yahoo.com,,
106,Rector.Christopher@hubinternational.com,,,Rector.Christopher@hubinternational.com,,
107,Heiting.Michael@yahoo.com,Michael,,Heiting.Michael@yahoo.com,,
108,K. P.,,Lilley,KPLilley73@gmail.com,,(800) 409-3297
109,Jeffrey.K.Dietz@foundfootage3d.com,,,Jeffrey.K.Dietz@foundfootage3d.com,,
110,Jeromy,,Whitaker,JWhitaker5@yahoo.com,,
111,C.Richardson8@gmail.com,,,C.Richardson8@gmail.com,,
112,Cimino.Daniel@gmail.com,,,Cimino.Daniel@gmail.com,,
113,Casey,,Mcmillian,CMcmillian10@gmail.com,,
114,Casey,,Mccabe,C.R.Mccabe@byu.edu,,(512) 297-3294
115,Robert,,Newman,RN.Newman@qrppromos.com,,
116,Oscar,Paul,Stone,Stone.Oscar@taxtrailer.com,,
117,David,,Gupta,DGupta2177@gmail.com,,+1 (713) 524-8679
118,Hunter,William,,Schoettlin.Hunter@austin.utexas.edu,,(832) 293-9876
119,Christopher,,Anderson,CGAnderson@kw.com,,(817) 657-7481
120,brian,,dille,B.J.Dille2@gmail.com,,(508) 178-2096
121,R.Behymer@me.com,,,R.Behymer@me.com,,
122,Christopher,,Finamore,C.Finamore@indigosound.net,,
123,Matthew,,Moreno,MMoreno@sixhousedesign.com,,
124,Jerome,,Smith,JTSmith@magpictures.com,,
125,Daniel,,Banwait,DKBanwait@yahoo.co.uk,,
126,Jerry,,King,King.Jerry@rljentertainment.com,,(774) 441-3535
127,Kevin,David,Thomas,KThomas62@gmail.com,,
128,T.Matson@FEARnet.com,,,T.Matson@FEARnet.com,,
129,Samson,,Fernandez,SGFernandez@501pictures.com,,(512) 467-6092
130,Vera.Andrew@gmail.com,,,Vera.Andrew@gmail.com,,
131,Elijah,,Favila,EFavila37@gmail.com,,+1 (512) 241-0941
132,Christopher,,Morton,CBMorton57@gmail.com,,+1 (512) 190-5885
133,John,,Palfrey,Palfrey@elliemae.com,,
134,Jonathan,,Ingram,JA.Ingram@famousframes.com,,
135,Raul,,Keane,RMKeane@mail.utexas.edu,,(512) 155-1960
136,Kyle,,Dick,Dick.Kyle@lauragalt.com,,(267) 416-3884
137,Scott,Robert,Sterling,S.Sterling@aol.com,,
138,Anthony,,Rodriguez,A.Rodriguez@amcnetworks.com,,+1 (931) 928-3936
139,Johnny,David,Matherly,Matherly.Johnny@gmail.com,,(404) 170-1018
140,D.J.,,Hall,D.Hall@lionsgate.com,,
141,Joshua,,Perez,JJPerez@nofs.navy.mil,,(512) 216-7173
142,Alexander,,Aguilar,AM.Aguilar@wileywiggins.com,,
143,Mikel,,Costello,M.Costello2003@gmail.com,,(512) 220-4580
144,R B,,Powe,Powe.Ronnie@gmail.com,,
145,Robert,Lee,Mejia,Mejia@worldnet.att.net,,
146,Robert,Paul,Mackey,R.Mackey@cloutcom.co.uk,,+1 (512) 734-1298
147,Brent,,Siuda,BSiuda@afoteyannum.com,,(979) 323-4501
148,Jonathan,,Parlier,Parlier.Jonathan@gmail.com,,
149,,,,D.Gapasin5308@schmitt.com,Schmitt Industries,(512) 718-1871
150,Eric,,Olmeda,E.Olmeda@hubinternational.com,,
151,ED,,Kalt,EDKalt2231@gmail.com,,
152,TaylorR@mfeinsurance.com,,,TaylorR@mfeinsurance.com,,
153,Christopher,,Wrisley,,,+1 (512) 161-2407
154,j.miller7@gmail.com,,,J.Miller7@gmail.com,,
155,James,,Napoleon,Napoleon.James@realitybasedgroup.com,,
156,Christopher,Robert,Carey,CCarey@flash.uchicago.edu,,
157,Mark,,Scarlett,MScarlett7425@gmail.com,,
158,Charles,,Baptiste,CD.Baptiste8@brazilian.com,Brazilian Electric Power,+1 (888) 919-9957
159,D.Hardin0@gmail.com,David,,D.Hardin0@gmail.com,,
160,Jesus,Michael,Shiffler,JM.Shiffler@mishnoon.com,,(512) 207-6680
161,Jason,,Cardenas,JCardenas@tobiqing.de,,
162,Anthony,,Romero,Anthony@sldcasting.com,,(940) 546-9184
163,Ryan,,Farr,R.Farr@utexas.edu,,(512) 618-4847
164,J.C.,,Kasten,JKasten@zealotinc.com,,
165,Odegard.Andre@moontowervfx.com,,,Odegard.Andre@moontowervfx.com,,
166,J. K.,,Arzaga,JArzaga7994@yahoo.com,,
167,Andrew,,Martinez,AJMartinez4@yahoo.com,,(904) 125-0530
168,James,,Boes,,,+1 (818) 785-6056
169,,,,A.Castaneda@jetai.com,Jetai,(512) 240-3045
170,Angel,,Reyes,AReyes89@yahoo.com,,
171,Ian,Robert,Mclain,I.R.Mclain@tdh.com,Tdh Holdings,
172,Jacob,,Sheffield,JSheffield1252@gmail.com,,
173,cruz@mansionofterror.com,,,Cruz@mansionofterror.com,,
174,Benjamin,,Vanzyl,BVanzyl7758@yahoo.com,,+1 (720) 132-6060
175,Derrick,Michael,Pagaduan,DPagaduan@metricaudio.com,,
176,Reeves64@ymail.com,,,Reeves64@ymail.com,,
177,Jacob,,Ruscitti,J.Ruscitti36@hotmail.com,,
178,Johnathan,,Martinez,JDMartinez2@gmail.com,,
179,Johnathan,,Almada,JGAlmada@spookshowent.com,,(512) 742-1681
180,ZDWhite5@gmail.com,,,ZDWhite5@gmail.com,,
181,R. B.,,,Perez3207@gmail.com,,
182,MorganCSwartzentruber3@gmail.com,,,MorganCSwartzentruber3@gmail.com,,
183,Michael,Robert,Silva,Silva.Michael@gmail.com,,
184,T.J.,,Tanner,TTanner1@gmail.com,,(281) 781-3910
185,Adam,,Murphy,AMurphy@hubinternational.com,,
186,RS.Scialo@icmpartners.com,,,RS.Scialo@icmpartners.com,,
187,Kendrick,,Lomeli,KLomeli@arts-and-labor.com,,
188,Christopher,,Mendoza,CMendoza572@gmail.com,,
189,benjamin,,altstatt,BAltstatt@pmd-partners.com,,+1 (646) 658-6726
190,Joshua,William,Souder,JWSouder94@gmail.com,,(857) 432-6957
191,Christopher,,Mootz,C.T.Mootz@wallerlaw.com,,
192,Travis,,Gibson,Gibson.Travis@comcast.net,,+1 (512) 149-5828
193,mark.c@spe.sony.com,,,Mark.C@spe.sony.com,,
194,Fred,,Gelineau,FDGelineau22@yahoo.com,,(323) 807-7762
195,Joshua,,Busch,JBusch12@phathom.com,Phathom Pharmaceuticals,
196,Travis3332@gmail.com,,,Travis3332@gmail.com,,
197,Jason,Paul,Taneja,JasonPTaneja67@gmail.com,,(512) 254-1420
198,Patrick,Paul,Duran,P.P.Duran@sldcasting.com,,(409) 462-3837
199,Charles,,Gall,Gall.Charles@gmail.com,,+1 (973) 930-4918
200,Christopher,,Gonzalez,CZGonzalez2@yahoo.com,,(512) 655-5322
201,Jeremy,,,Mucha@good.us,,+1 (512) 964-0957
202,Travis,,Toledo,TRToledo@fried.cc,,
203,Matthew,,,Hayes.Matthew@wilsonelser.com,,
204,Brian,,Adams,Adams.Brian@kastleman.com,,
205,MC.Distefano@cases.netsuite.com,,,MC.Distefano@cases.netsuite.com,,
206,Eric,,Bowman,,,+1 (904) 143-3069
207,Casey,,Hunt,CHunt@txstarentertainment.com,,
208,Paul,,Hudson,P.Hudson@lgpictures.com,,
209,Aaron,,Hamrick,AHamrick77@gmail.com,,(620) 110-0888
210,Manuel,,Chairez,Chairez@ufcu.org,,
211,Scott,,Mathews,Mathews.Scott@gmail.com,,(817) 965-0938
212,Vincent,,Hildreth,VHildreth@astro.as.utexas.edu,,
213,George,,Ojeda,Ojeda.George@careboxprogram.org,,
214,J.Topham@icmpartners.com,,,J.Topham@icmpartners.com,,
215,Christopher,Michael,Wilhite,CWilhite@bridgedtla.com,,
216,Daniel,,Woodward,Woodward.Daniel@gmail.com,,
217,Wesley,Lee,Hodges,W.Hodges9578@gmail.com,,
218,Kenneth,,Garrison,Garrison@anightofhorror.com,,+1 (646) 936-4653
219,Matthew,,Hoegler,MHoegler@cases.netsuite.com,,
220,Ricky,,Leone,Leone.Ricky@yahoo.com,,
221,Adam,,Dionne,ADionne@nofs.navy.mil,,(631) 180-8674
222,Ira,,Keniston,I.Keniston@live.com,,+1 (210) 575-6281
223,Preston,,Schott,PSchott89@gmail.com,,+1 (512) 154-2022
224,,,,Michael.Andrew@first.com,First Trust Multi-Strategy Alternative,+1 (512) 529-0067
225,T.Mctier@everywhereaudio.com,,,T.Mctier@everywhereaudio.com,,
226,Troy,,King,T.King5025@gmail.com,,(512) 733-0227
227,Timothy,,Munn,,,(786) 176-7757
228,Randall,,Gouge,R.Gouge945@gmail.com,,
229,J.R.,,,,,(503) 775-9980
230,MJGuzman@hybride.com,,,MJGuzman@hybride.com,,
231,Jake,,Napier,JNapier8@yahoo.com,,(512) 531-4888
232,gregory,,Shapiro,Shapiro.Gregory@gmail.com,,(818) 871-7698
233,Joshua,,Folger,JoshuaFolger4@hotmail.com,,
234,Benjamin,,Lew,BJLew87@yahoo.com,,+1 (512) 639-4815
235,Jermaine,,Revell,J.Revell9983@gmail.com,,
236,Lukas,,Shiflet,Shiflet@mac.com,,+1 (201) 178-0676
237,Brian,,Wilson,BrianWilson4913@gmail.com,,
238,Steven,,Jackson,SJJackson19@gmail.com,,+1 (817) 327-9992
239,Timothy,,Griffin,Griffin.Timothy@gmail.com,,+1 (512) 417-7073
240,Michael,,Packo,Packo.Michael@email.progressive.com,,(512) 604-4061
241,Aaron,,Madrid,AMMadrid7@ymail.com,,(646) 539-3855
242,David,,Campos,DCampos@thesilvertelegram.com,,
243,Preston,,Perez,P.Z.Perez4390@intellisync.com,Intellisync,
244,Andrew,,Hock,A.Hock@ups.com,,(512) 423-2066
245,Patrick,,Frese,PDFrese@mpimedia.com,,
246,Bradley,,Noble,Noble.Bradley@gmail.com,,
247,Chase,,Mccans,Mccans.Chase@hmgcreative.com,,
248,KRCrankshaw@austin.utexas.edu,,,KRCrankshaw@austin.utexas.edu,,
249,Carlos,,Parker,CTParker5@yahoo.com,,+1 (305) 460-9299
250,J.D.,,Schmidt,JDSchmidt85@bpz.com,Bpz Resources,+1 (512) 581-5301
251,Shane,,Simpliciano,,,(512) 907-3298
252,Patrick,,Flanagan,PFlanagan3@gmail.com,,
253,RWachs@namprd08.prod.outlook.com,,,RWachs@namprd08.prod.outlook.com,,
254,Olivarez.Gregory@gmail.com,,,Olivarez.Gregory@gmail.com,,
255,Joshua,,Nielsen,Nielsen.Joshua@gmail.com,,(281) 751-1143
256,clindo@mac.com,,,CLindo@mac.com,,
257,Curtis,,Clark,CurtisAClark6740@yahoo.com,,(504) 217-3630
258,Eric,,Younger,EJYounger9801@ymail.com,,
259,D.D.,,Tritle,D.Tritle@att.net,,(210) 213-8329
260,Juan,,Mack,,,(201) 835-2046
261,Francisco,,Walk,FWalk7@gmail.com,,+1 (361) 298-7129
262,Robert,,Marston,RMarston241@gmail.com,,
263,Robert,,Zellner,RCZellner47@pnv.com,Pnv,(310) 381-6866
264,Brian,,Robledo,,,+1 (305) 121-9766
265,John,Michael,Fessler,JFessler4@gmail.com,,+1 (310) 212-1344
266,Dennis,,Goode,Goode@rainbowsymphony.com,,
267,Arturo,,Clendenon,Clendenon@fonspr.com,,+1 (512) 623-6718
268,Dominic,,Clemons,DPClemons@me.com,,
269,Mitchell,,Hamon,MKHamon@spookshowent.com,,+1 (512) 617-9296
270,FMiller@aol.com,,,FMiller@aol.com,,
271,Jairo,Robert,Amy,JAmy@theupsstore.com,,+1 (512) 791-7968
272,Brian,,Hart,B.N.Hart3@gmail.com,,
273,Adrian,,Granger,A.Granger89@gmail.com,,
274,Anthony,,Binns,Binns.Anthony@gmail.com,,
275,Gerardo,,Harbour,Harbour.Gerardo@gmail.com,,
276,MRBlair7@yahoo.com,,,MRBlair7@yahoo.com,,
277,,,,Turner.Juan@godaddy.com,Godaddy,(510) 836-1379
278,Anthony,,Richburg,Richburg.Anthony@austinisd.org,,(512) 373-5715
279,jesse,,Terlesky,Terlesky.Jesse@nationbuilder.com,,
280,K.D.,,Perkins,KPerkins@naver.com,,+1 (201) 817-6912
281,Luke,,Duran,Duran.Luke@gmail.com,,+1 (512) 936-4604
282,Zachary,,Hughes,ZHughes7851@gmail.com,,
283,A. J.,,Hernandez,A.Hernandez@markreeb.com,,
284,Isidro,,Melendez,Isidro8@hotmail.com,,(512) 596-8079
285,,David,,Kerrick.Robert@blackrock.com,Blackrock Debt Strategies Fund,
286,Andrew,,Griffith,AGriffith@pinnacle.com,Pinnacle Foods,
287,Daniel,,Avery,,,+1 (404) 192-6354
288,Matthew,,Foltz,MFoltz@austin.utexas.edu,,
289,B.Magnuson2@yahoo.com,Joseph,,B.Magnuson2@yahoo.com,,
290,T. J.,,Lawson,T.J.Lawson@austin.utexas.edu,,
291,Andrew,,Hibbert,Hibbert.Andrew@icloud.com,,(301) 205-1633
292,Christopher,,Taylor,CTaylor1@gmail.com,,
293,Bryant,,Boyd,Boyd.Bryant@pcurry.com,,(954) 566-3637
294,Joshua,,Hernandez,Hernandez@spe.sony.com,,
295,Antonio,,Hetzer,Hetzer.Antonio@austin.rr.com,,
296,Christopher,,Patel,CRPatel45@yahoo.com,,
297,A.Pendergrass@amcnetworks.com,,,A.Pendergrass@amcnetworks.com,,
298,CWilliams@hubinternational.com,,,CWilliams@hubinternational.com,,
299,Michael,,Bail,M.K.Bail@mac.com,,
300,Brendan,,Boney,Boney.Brendan@rainbowsymphony.com,,
301,Kellen,,Hansen,KHansen@roadrunner.com,,
302,Christopher,,Cowan,CCowan@ifcfilms.com,,(303) 501-6743
303,Brian,,Flynn,BFlynn@beckmedia.com,,
304,C.J.,,Square,CJSquare@bonehand.com,,
305,Casey,,Jurich,CP.Jurich@wileywiggins.com,,
306,Ryan,,Strait,RWStrait78@gmail.com,,
307,Christian,,Dombrosky,CR.Dombrosky1@gmail.com,,
308,Gregory,,,GCJankoviak@wnco.com,,
309,brandon,,marino,Marino.Brandon@fonspr.com,,(214) 658-7349
310,Yang7027@hotmail.com,,,Yang7027@hotmail.com,,
311,Benjamin,,,BC.Mojica3101@gmail.com,,(512) 457-2898
312,Christopher,,Klepacki,,,(215) 405-4460
313,David,,Wagstaff,DMWagstaff8339@yahoo.com,,
314,Gregory,,John,GJohn4779@yahoo.com,,(512) 131-4405
315,Ian,,Baker,IBaker@astro.as.utexas.edu,,(512) 289-7761
316,Alex,,Steffensmeier,AM.Steffensmeier41@gmail.com,,
317,Marvin7810@gmail.com,,,Marvin7810@gmail.com,,
318,Eric,,Marciniak,,,+1 (818) 605-2934
319,D.BBullock@bloody-disgusting.com,,,D.BBullock@bloody-disgusting.com,,
320,Miller@FEARnet.com,Robert,,Miller@FEARnet.com,,
321,D. J.,,Mortensen,DJMortensen@cloutcom.co.uk,,
322,Andrew,,Fields,AFields49@gmail.com,,
323,Mcmillan@teamair.co.uk,,,Mcmillan@teamair.co.uk,,
324,Todd,,Williams,Todd.Williams@utexas.edu,,
325,Eric,,Geiger,,,+1 (315) 734-3871
326,Kevin,,Byrd,KN.Byrd@sbcglobal.net,,
327,Joshua,,Lang,Lang.Joshua@spe.sony.com,,
328,Kirk,,Steele,Steele@fried.cc,,
329,Andrew,,Johns,AMJohns@mr2media.com,,
330,Brandon,,,Dysard.Brandon@productioninsurance.com,,
331,Kent,,Mendez,KMendez9179@gmail.com,,
332,Joel,,Vitale,J.Vitale14@gmail.com,,(512) 910-9320
333,Daniel,,Torres,Torres.Daniel@us.ibm.com,,(423) 543-6481
334,Justin,,Bishop,JBishop@cbs.com,,
335,NLOliver4@gmail.com,,,NLOliver4@gmail.com,,
336,Joshua,,Bailey,J.Bailey7@gmail.com,,
337,JHesse@yale.edu,,,JHesse@yale.edu,,
338,Daniel,,Gallaway,DCGallaway@mightycoconut.com,,
339,Michael,,Downey,MEDowney47@gmail.com,,
340,Bruce,,Gibbs,BGibbs343@gmail.com,,+1 (832) 745-5202
341,Brandon,,Sharp,B.Sharp3@gmail.com,,
342,matthew,,robinson,MBRobinson3@gmail.com,,
343,Jacob,,Ready,JReady@ou.edu,,+1 (512) 659-5478
344,Kenny,,Hedlund,K.Hedlund@inktip.com,,(512) 680-4548
345,Jack,,Barragan,JBarragan46@gmail.com,,(617) 471-1658
346,Cory,,Ritter,C.Ritter0@yahoo.com,,(512) 796-5722
347,HBStrange@FEARnet.com,,,HBStrange@FEARnet.com,,
348,Matthew,,Benson,,,(818) 137-5251
349,George,,Sanchez,G.Sanchez@ultra8.ca,,+1 (626) 473-2013
350,Andrew,,Do,A.Do21@gmail.com,,
351,Zachariah,Joseph,Ahn,ZAhn@Gmail.com,,(512) 661-0346
352,Christopher,,Magaro,CMagaro6@gmail.com,,(310) 215-3543
353,BDitz@ufcu.org,,,BDitz@ufcu.org,,
354,Stephen,,Knuth,SKnuth2@gmail.com,,(201) 744-0843
355,Steven,,Oty,Oty@dharmabomb.com,,
356,Michael,,Gongora,M.Gongora29@gmail.com,,(325) 473-4141
357,Ronald,,Mallet,RTMallet@lauragalt.com,,+1 (512) 975-0111
358,Cory,,Guss,CGuss7@gmail.com,,
359,Joseph,,Beutler,,,(954) 722-0260
360,Daniel,,Lyles,DBLyles4381@gmail.com,,(404) 719-6666
361,Brian,,,BBrown33@gmail.com,,+1 (469) 509-3122
362,Kevin,,Wilhelm,KJWilhelm@ou.edu,,
363,D.J.Brecht7304@yahoo.com,,,D.J.Brecht7304@yahoo.com,,
364,Wright.Julius@yahoo.com,,,Wright.Julius@yahoo.com,,
365,Luis,,,L.Eldridge36@gmail.com,,
366,Ryan,,Schuknecht,,,(512) 542-0206
367,Matthew,Robert,Morris,MRMorris2518@yahoo.com,,(281) 332-6467
368,R.J.,,Delacruz,RDelacruz@mr2media.com,,(646) 917-0227
369,Grant,,Dunn,G.Dunn11@gmail.com,,
370,James,,Grief,Grief.James@gmail.com,,
371,George,,White,GWhite@mac.com,,
372,C J,,Collins,Collins.Christopher@gmail.com,,
373,Padilla.Matthew@gmail.com,,,Padilla.Matthew@gmail.com,,
374,Ryan,,Vanlaanen,RJ.Vanlaanen31@yahoo.com,,(937) 360-7404
375,Donald,,Roffe,DRoffe5@hotmail.com,,
376,Kelvin,Michael,Petkovich,KPetkovich@fried.cc,,
377,Robert,,Rufe,R.Rufe@theclearancelab.com,,
378,Matthew,,Sleeper,MSleeper4@gmail.com,,(361) 824-3333
379,David,,,DBernabe52@yahoo.com,,
380,Joshua,,Pfeiffer,Pfeiffer.Joshua@audioease.com,,
381,Adam,Robert,Hodges,AR.Hodges2762@gmail.com,,
382,mlsherman@astro.as.utexas.edu,,,MLSherman@astro.as.utexas.edu,,
383,Gary,David,Saxton,GD.Saxton5819@yahoo.com,,
384,JI.Amick@gaga.co.jp,,,JI.Amick@gaga.co.jp,,
385,J.R.,,Lather,,,+1 (604) 278-0429
386,Bobby5@gmail.com,,,Bobby5@gmail.com,,
387,"Southwell, Christopher",,,CSouthwell@talfpllc.com,,+1 (763) 973-7540
388,Daniel,Michael,Linn,Linn.Daniel@mightycoconut.com,,
389,CJ.Himes@mac.com,,,CJ.Himes@mac.com,,
390,Cameron,,Cavazos,,,(512) 867-2064
391,Nicholas,Michael,Villanueva,NVillanueva@stsci.edu,,
392,AStonge6428@gmail.com,,,AStonge6428@gmail.com,,
393,Tommie,,Walsh,T.E.Walsh14@gmail.com,,(323) 491-9958
394,Aaron,,kolek,AKolek@foundfootage3d.emailnb.com,,
395,DD.Francis4653@gmail.com,,,DD.Francis4653@gmail.com,,
396,Brandon,,,BSJohnson@screenmedia.net,,
397,"Pollock, Michael",,,Pollock.Michael@nofs.navy.mil,,(423) 454-9142
398,Omar,,Madden,OMadden@moontowervfx.com,,
399,Joshua,Robert,Davidson,JRDavidson54@gmail.com,,
400,"Xiong, Gary",Michael,,GaryM@sbcglobal.net,,
401,Vavrosky.Aaron@moontowervfx.com,,,Vavrosky.Aaron@moontowervfx.com,,
402,Andrew,,Wagner,Wagner.Andrew@gmail.com,,
403,John,,Wade,Wade.John@gmail.com,,(267) 898-3818
404,Michael,,Streeter,M.K.Streeter2@gmail.com,,(323) 899-1536
405,T.Dale@kleinmanlawfirm.com,,,T.Dale@kleinmanlawfirm.com,,
406,Chase,,Thomas,,,(877) 944-6055
407,Herbert,,Mason,,,(310) 470-1329
408,Matthew,,Sultzer,Sultzer.Matthew@austin.utexas.edu,,
409,Rickey,,Tedford,RVTedford@drafthouse.com,,+1 (214) 925-4382
410,Shaun,,Rech,SRech55@gmail.com,,
411,JDSwafford@freebirds.com,,,JDSwafford@freebirds.com,,
412,Allan,,,ADanielson@beckmedia.com,,
413,James,,Perry,J.Perry@lekbergenterprises.com,,
414,Brian,,Liborio,,,+1 (512) 217-7758
415,Barry,,Frazier,,,(512) 239-1507
416,MN.Schauff1506@gmail.com,,,MN.Schauff1506@gmail.com,,
417,Lance,,Bordelon,LRBordelon@nychorrorfest.com,,(310) 110-9213
418,,,,Z.Ramos0@media.com,Media General,+1 (737) 727-7129
419,David,,Garcia,D.Garcia27@gmail.com,,
420,Kyle,,Atchley,KEAtchley9762@praecis.com,Praecis Pharmaceuticals,(512) 579-2059
421,Paul,Paul,Baldi,P.Baldi@mpimedia.com,,
422,Anthony,,Jackson,AJackson@tailwind.com,Tailwind International Acquisition,
423,Johnny,,Mccracken,JN.Mccracken90@gmail.com,,
424,Brian,David,Mincey,B.Mincey@gunpowdersky.com,,+1 (817) 110-9582
425,Shane,,Smith,SSmith@leftfootred.com,,(561) 744-9246
426,Nicholas,,Mcgee,NMcgee@good.us,,(512) 756-5119
427,Phillip,,Vivanco,Vivanco.Phillip@gmail.com,,(512) 412-6174
428,lewis,,harrelson,LHarrelson@mlrpc.com,,(713) 611-6687
429,Sheldon,,Campbell,SCampbell@aol.com,,
430,Brandon,,Lamas,BJ.Lamas@crookedgrin.com,,
431,Stclair.Thomas@kinogopictures.com,,,Stclair.Thomas@kinogopictures.com,,
432,Titus,,Anderson,TAnderson3060@gmail.com,,
433,Scott,Joseph,Combs,SJCombs26@gmail.com,,+1 (917) 634-0330
434,Zackary,,Gaines,Gaines@texas.net,,
435,Steven,,Cameron,Cameron.Steven@gmail.com,,+1 (325) 836-2859
436,JRHarrington1@gmail.com,Robert,,JRHarrington1@gmail.com,,
437,Ryan,,Manning,RManning@mac.com,,
438,Roderick,Michael,Lemens,RLemens3816@hotmail.com,,(973) 140-7759
439,Joshua,,Mcdonald,J.DMcdonald9086@hotmail.com,,
440,Zachery,,Kiefer,,,(954) 237-2192
441,Jerry,,Frank,JA.Frank9576@ymail.com,,
442,Nicholas,,Jacobs,NJacobs4@yahoo.com,,(512) 153-6902
443,K.D.,,Schroeder,KSchroeder@famousframes.com,,(512) 618-8991
444,Joseph,,Triola,Triola.Joseph@gmail.com,,(512) 123-6487
445,Jesus,,,Butler.Jesus@gmail.com,,
446,Michael,,Philbrick,Philbrick.Michael@gmail.com,,+1 (512) 305-0504
447,Martin,,Cooper,M.Cooper2@hotmail.com,,(201) 727-8921
448,ARBerryhill93@gmail.com,,,ARBerryhill93@gmail.com,,
449,Jose,,Calvin,JCalvin2@gmail.com,,(512) 744-1095
450,James,,Butler,J.Butler5@gmail.com,,
451,Robert,,Rogers,Rogers.Robert@pfisd.net,,+1 (512) 881-1931
452,Brent,,Patterson,Patterson.Brent@gmail.com,,
453,Ryan,,Sabia,Sabia.Ryan@delphin-palast.de,,(512) 850-9954
454,James,,Lucas,Lucas.James@skeena.com,Skeena Resources,
455,Robert,,Yanez,RYanez@austinchronicle.com,,+1 (310) 490-1605
456,Michael,,Sandie,MBSandie3037@gmail.com,,
457,Christopher,,Williams,CWilliams@bep-la.com,,(201) 798-0592
458,Zackery,Michael,Kirby,ZMKirby6639@gmail.com,,
459,Nathanial,,Bishop,N.Bishop@fonspr.com,,(917) 979-9219
460,Michael,,Dalton,MDalton43@gmail.com,,
461,Cade,,Lambert,Lambert.Cade@gmail.com,,
462,Gregory,,Brown,G.Brown@metricaudio.com,,+1 (512) 902-7405
463,Nathan,,Glaze,NJ.Glaze@outlook.com,,(314) 350-2018
464,Walter,,Tribble,Walter@arts-and-labor.com,,
465,L. C.,,Lawson,Lawson.Lyle@flash.uchicago.edu,,(830) 803-5349
466,"Plage, Aaron",,,A.Plage@filgate.com,,(512) 617-8418
467,Nicholas,,Claiborne,NRClaiborne@bifff.net,,
468,DCarranza@taubesummers.com,,,DCarranza@taubesummers.com,,
469,Charles,,Garcia,C.P.Garcia16@gmail.com,,
470,Sean,,Ellifritz,,,(778) 906-6826
471,Phillip,,Tellez,PhillipTellez@talfpllc.com,,(512) 677-0279
472,Ty,,Parry,T.C.Parry2@gmail.com,,
473,Alexander,,Johnson,Johnson@austin.utexas.edu,,
474,Kevin,,Scheibel,,,(512) 389-1373
475,George,,Chapman,GSChapman0@gmail.com,,
476,Lecount.Alex@gmail.com,David,,Lecount.Alex@gmail.com,,
477,Kevin,,Tancredi,Tancredi.Kevin@me.com,,(512) 520-0145
478,Ross,,Pigott,,,+1 (512) 310-4875
479,Matthew,,Forget,M.M.Forget@namprd08.prod.outlook.com,,
480,Travis,,Jones,TJones@utexas.edu,,
481,Brian,,Marcos,Marcos.Brian@gmail.com,,
482,Mario,,Selman,Mario150@yahoo.com,,
483,Dwayne,,Gossom,Gossom.Dwayne@swervepictures.com,,
484,Michael,,Bratcher,Bratcher.Michael@wilsonelser.com,,+1 (201) 297-6348
485,Joshua,,Ward,J.Ward@austinisd.org,,
486,Ryan,,Lance,R.Lance@cl-legal.com,,(817) 102-8980
487,Ian,Lee,Iraheta,Iraheta.Ian@popcornfrights.com,,(323) 307-4530
488,Paul,,Ford,PRFord2398@gmail.com,,(972) 600-7430
489,Nathan,,Vo,N.Vo5461@gmail.com,,(512) 213-1005
490,Jonathon,,Kimberlin,Jonathon.Kimberlin@atomicmonster.com,,(512) 198-6374
491,William,,Pulla,W.Pulla@worldnet.att.net,,+1 (210) 364-0447
492,Brock,,Witcher,,,+1 (512) 484-2467
493,Keith,,Ernst,K.Ernst29@gmail.com,,
494,Nathan,,Smoot,,,(512) 194-7754
495,Sean,,Cheng,SCheng4131@hotmail.com,,(310) 160-1157
496,Kyle,,Mitchell,KMitchell@bifff.net,,
497,Adam,,Mummert,AdamMMummert1@gmail.com,,
498,Nicholas,,Hoskins,N.Hoskins@ferrarostamos.com,,
499,Jason,,Mize,Mize@saatchi.se,,+1 (202) 927-2810
500,Anthony,,Kirkland,Kirkland.Anthony@aol.com,,(903) 326-7570
501,Kristopher,,Ryman,K.Ryman@amcnetworks.com,,
502,Jesse,,Bachman,J.Bachman4420@gmail.com,,+1 (512) 226-0226
503,Dontae,,Villarreal,Villarreal.Dontae@teamair.co.uk,,(512) 903-4884
504,J. J.,,Stephens,John@sjmradio.com,,
505,Cody,,Williamson,Williamson.Cody@hermanscott.com,,
506,Richard,,Howard,Howard.Richard@moontowervfx.com,,+1 (512) 372-1510
507,JDMacarthur@us.panasonic.com,David,,JDMacarthur@us.panasonic.com,,
508,Lucas,,Tijerina,LTijerina6169@gmail.com,,
509,Mark,,Stevens,Stevens.Mark@hotmail.com,,(512) 857-3130
510,Stephen,,Daley,Daley.Stephen@arts-and-labor.com,,(512) 568-9436
511,Jay,,Whipple,Whipple.Jay@gmail.com,,
512,Rosario.Lucas@hotmail.com,David,,Rosario.Lucas@hotmail.com,,
513,Israel,,Arredondo,Arredondo619@gmail.com,,
514,Michael,,Li,M.C.Li@galaxytheatres.com,,
515,Sean,,Wiltshire,Wiltshire.Sean@bridgedtla.com,,(512) 234-7188
516,Christopher,,Delgadillo,CDelgadillo8367@gmail.com,,
517,Guy,,Steele,GDSteele@peoplestore.net,,(201) 680-6281
518,"Gallardo, Ryan",,,Gallardo.Ryan@gmail.com,,+1 (337) 295-4500
519,joshua,,lucero,J.Lucero@hubinternational.com,,
520,David,David,Bennett,D.Bennett@hawgfly.com,,+1 (561) 253-8534
521,R. J.,,Rodriguez,RJRodriguez11@gmail.com,,(512) 775-4798
522,T. J.,,Hollis,Hollis.Tommy@gmail.com,,
523,M.J.,,Polhemus,Polhemus@arts-and-labor.com,,
524,Garcia1@gmail.com,,,Garcia1@gmail.com,,
525,Christopher,,Moch,,,(832) 376-4195
526,DClyburn@aol.com,,,DClyburn@aol.com,,
527,Mitchell,,Kenyon,MKenyon@smvcm.com,,
528,Marc,,Villanueva,M.Villanueva@aol.com,,
529,L.Cruz@filgate.com,,,L.Cruz@filgate.com,,
530,dustin,,fuller,DJ.Fuller1003@gmail.com,,+1 (203) 971-1598
531,RJ,,Houck,RJHouck@arts-and-labor.com,,
532,James,,Giron,,,(410) 176-6885
533,Charles,,Schnipke,CSchnipke@moontowervfx.com,,+1 (512) 903-3418
534,Rene,,Cuevas,RCuevas@icmpartners.com,,
535,Noah,Paul,Welch,NP.Welch@hullsupply.com,,
536,Brent,,Tyner,,,(604) 938-5113
537,MDunn@cl-legal.com,Paul,,MDunn@cl-legal.com,,
538,Patrick,,Thomas,Patrick4@yahoo.com,,
539,Jesse,,Smith,JSmith7028@hotmail.com,,(512) 431-2807
540,JJ.Moore@modernhorrors.com,Joseph,,JJ.Moore@modernhorrors.com,,
541,Daniel,,Griffin,,,+1 (512) 858-3343
542,Jason,,Fruge,JE.Fruge53@gmail.com,,
543,Michael,,Disanto,Michael@fantbilbao.eus,,+1 (512) 756-8075
544,Nicholas,Michael,Gonzales,Nicholas.Gonzales8@hotmail.com,,+1 (512) 705-4574
545,Zimmerman.Clyde@gmail.com,,,Zimmerman.Clyde@gmail.com,,
546,robert,,thomas,Thomas.Robert@mr2media.com,,
547,Richard,,Riggs,RJ.Riggs782@yahoo.com,,+1 (210) 982-0345
548,Shane,,Leclere,,,(201) 305-4458
549,Russell,Michael,Rose,RRose2@gmail.com,,
550,Royce,,Hodges,Hodges.Royce@gmail.com,,(512) 291-4904
551,Justin,Michael,Denney,JDenney@ariescope.com,,
552,Patrick,,Duffy,PCDuffy1@gmail.com,,
553,Jesse,,Brenneman,JBrenneman5735@gmail.com,,
554,William,,Crosetto,W.Crosetto@blueyonder.co.uk,,
555,AMGarcia@austinisd.org,,,AMGarcia@austinisd.org,,
556,AOhl@mlrpc.com,,,AOhl@mlrpc.com,,
557,Stark.Ryan@saatchi.se,,,Stark.Ryan@saatchi.se,,
558,ATGilchrist4599@gmail.com,,,ATGilchrist4599@gmail.com,,
559,Brandon,,Rittenhouse,BR.Rittenhouse7@gmail.com,,+1 (512) 612-8146
560,Pablo,,Basu,PBasu@phd.mccombs.utexas.edu,,(512) 661-8173
561,C.Stokes3488@gmail.com,,,C.Stokes3488@gmail.com,,
562,,Michael,Neville,Neville@astro.as.utexas.edu,,
563,Christopher,,Pineda,Pineda@pmd-partners.com,,
564,Christopher,,James,C.James2@gmail.com,,+1 (763) 655-2578
565,DJ.Nguyen47@gmail.com,,,DJ.Nguyen47@gmail.com,,
566,Tony,,Cleveland,TCleveland1@gmail.com,,(512) 847-5480
567,Kenneth,,Stowe,KStowe@abacuspharmaintl.com,,
568,Derek,,Yunk,Yunk.Derek@gmail.com,,
569,Matthew,,Longley,Longley.Matthew@luzworks.com,,
570,Brian,,Carranza,Carranza.Brian@gmail.com,,+1 (512) 480-9840
571,J.Swanner@mlrpc.com,,,J.Swanner@mlrpc.com,,
572,Kenny,,Welch,K.E.Welch@7hmedia.com,,
573,Brian,,Allen,B.Allen0@gmail.com,,
574,Jose,,Gonzalez,JGonzalez@gunpowdersky.com,,(806) 510-4900
575,Michael,,Reynolds,Reynolds.Michael@yahoo.com,,+1 (512) 944-1164
576,Devin,Paul,Stackpole,Stackpole.Devin@gmail.com,,
577,Christopher,,Conti,Conti.Christopher@austin.utexas.edu,,
578,Joseph,,Klingenstein,Klingenstein.Joseph@gmail.com,,
579,Marc,David,Mares,M.Mares1@gmail.com,,
580,Phillip,,Reynaga,Reynaga.Phillip@hotmail.com,,(512) 840-0044
581,Jesus,,Rothrock,J.C.Rothrock53@gmail.com,,(267) 647-9975
582,Christopher.Moreno@earthlink.net,,,Christopher.Moreno@earthlink.net,,
583,William,,Jara,W.Jara@msn.com,,+1 (512) 606-2941
584,Matthew,,Smith,MSmith@GonzalesTexas.com,,
585,Bradley,,Vogel,BAVogel77@gmail.com,,
586,Ralph,,Mckeller,Mckeller.Ralph@qualityhomeinspections.info,,
587,Samuel@crowehorwath.com,,,Samuel@crowehorwath.com,,
588,Craig,,Levinson,C.Levinson@siriusxm.com,,
589,joseph,,devore,JSDevore@qrppromos.com,,(423) 227-8670
590,Joshua,,Dull,Dull.Joshua@gmail.com,,+1 (512) 775-4411
591,Jacob,,Mcgrew,JDMcgrew@pfisd.net,,
592,David,,Tedeschi,Tedeschi.David@realnormal.com,,
593,Guy,,Sheets,GC.Sheets40@hotmail.com,,
594,Efrain,David,Strock,E.Strock@epic-pictures.com,,+1 (512) 808-7098
595,Shor.Quentin@afoteyannum.com,,,Shor.Quentin@afoteyannum.com,,
596,Ralph,,Faeth,,,(323) 129-7087
597,brent,,,BrentTrenton@instructure.com,,+1 (512) 962-9241
598,Christal,,Fencl,C.Fencl@peoplestore.net,,+1 (512) 875-9106
599,J.J.,,Barber,,,(940) 703-2862
600,Brittany,,Gonzales,BW.Gonzales8370@gmail.com,,
601,Victoria,,,VAdames@microassist.com,,
602,L.C.,,Watson,,,+1 (512) 487-1650
603,Ashley,,Valencia,Valencia.Ashley@anteon.com,Anteon International,
604,Tanisha,,Ryan,T.Ryan79@yahoo.com,,
605,J.Bowman26@gmail.com,,,J.Bowman26@gmail.com,,
606,Kimberly,,Wroblewski,KWroblewski80@gmail.com,,
607,CTaylor@arts-and-labor.com,,,CTaylor@arts-and-labor.com,,
608,Rebecca,,Day,R.A.Day25@gmail.com,,
609,Sheena,,Comstock,SHComstock@bonehand.com,,
610,Hernandez.Amber@gmail.com,,,Hernandez.Amber@gmail.com,,
611,Chelsea,,Hurd,CHurd8877@gmail.com,,(717) 565-4189
612,EARael42@gmail.com,,,EARael42@gmail.com,,
613,Stephanie,,Fraser,SFraser7769@gmail.com,,
614,Nicole,,Castellanos,N.Castellanos9929@gmail.com,,
615,Amy@abacuspharmaintl.com,,,Amy@abacuspharmaintl.com,,
616,Marissa72@gmail.com,,,Marissa72@gmail.com,,
617,Lisa,,Tingle,L.A.Tingle4179@gmail.com,,
618,Marisa,,Whitson,MWhitson32@hotmail.com,,(512) 571-1775
619,Elena,,Edwards,ELEdwards@inktip.com,,+1 (512) 900-8252
620,Jessica,,Garcia,Garcia@dcshorts.com,,
621,SDHays5786@gmail.com,,,SDHays5786@gmail.com,,
622,Audrey,,Caudill,Caudill@zealotinc.com,,+1 (805) 384-8893
623,Hope,,Batha,Batha.Hope@gmail.com,,(512) 113-6983
624,MonicaJenna.Mendoza@pcurry.com,,,MonicaJenna.Mendoza@pcurry.com,,
625,Jennifer,,Cannon,,,+1 (512) 905-9484
626,Lauren,,Brennan,,,(512) 729-4094
627,JTalley5086@hotmail.com,,,JTalley5086@hotmail.com,,
628,AK.Brown3@yahoo.com,,,AK.Brown3@yahoo.com,,
629,Natasha,,Aden,NJAden@ew.com,,
630,Loock.Angie@gmail.com,,,Loock.Angie@gmail.com,,
631,Rene,,Walling,RWalling@amcnetworks.com,,(267) 623-9660
632,Marissa,,Kennedy,MKennedy@arts-and-labor.com,,+1 (210) 694-8199
633,Lauren,,Meyer,Meyer.Lauren@sbgtv.com,,(806) 677-6087
634,Amanda,,Denton,ADenton7@gmail.com,,
635,Lindsay,,Badowski,LKBadowski8529@yahoo.com,,
636,Brandy,,Perez,,,+1 (512) 960-2367
637,Candice,,Neal,Neal.Candice@flamedrop.com,,(512) 639-9416
638,melissa,,bonilla,Bonilla.Melissa@beckmedia.com,,
639,Latosha,,Lee,LLee@anightofhorror.com,,+1 (646) 734-7993
640,V.Sosa0@gmail.com,,,V.Sosa0@gmail.com,,
641,heather,,,Hollis.Heather@hotmail.com,,(512) 488-8650
642,K. C.,,Ellis,KEllis@trinitytxproperties.com,,+1 (512) 888-4487
643,Victoria,,Mendoza,VictoriaSamantha@rushordertees.com,,
644,Corey,,Stojanovic,Stojanovic.Corey@gmail.com,,
645,Amber,,Perrone,ARPerrone525@gmail.com,,
646,Joanne,,Trondson,JTrondson47@yahoo.com,,+1 (512) 819-0405
647,,,,,Decode Genetics,(512) 274-9060
648,Tonya,,,TBerg@austin.utexas.edu,,+1 (512) 110-3880
649,Brandi,,Gomez,B.C.Gomez@txafc.org,,
650,Amelia,,Gutierrez,Gutierrez.Amelia@gmail.com,,
651,Bethany,,Savage,BJ.Savage@careboxprogram.org,,
652,Jessica,,Nyboer,JessicaE3462@gmail.com,,
653,Stephanie,,Salcido,SSalcido@tiburon-transmedia.com,,(857) 531-9517
654,Latoya,,Orozco,LOrozco53@gmail.com,,+1 (409) 436-5146
655,Joy,,Montoya,,,+1 (512) 246-3503
656,Stephanie,,Bodon,Bodon34@gmail.com,,(512) 933-9752
657,Amber,,Nichols,ANichols@burtoncasting.com,,
658,Shelly,,Wiley,Wiley6@gmail.com,,
659,Melissa@abiggerboat.com,,,Melissa@abiggerboat.com,,
660,J.B.,,Danielson,JDanielson7645@gmail.com,,
661,Jill,,Young,JYoung32@gmail.com,,+1 (832) 516-2382
662,Kathryn,,,Bianco.Kathryn@sxsw.com,,
663,Crystal,,,CAShulstad@utexas.edu,,+1 (774) 697-3484
664,Thao.Amanda@txstate.edu,,,Thao.Amanda@txstate.edu,,
665,Amber,,Rodriguez,Rodriguez.Amber@gmail.com,,
666,Lacey,,Deaton,LMDeaton82@gmail.com,,
667,,,,Betsy.K@pennaco.com,Pennaco Energy,
668,EC.Eaton@amcnetworks.com,,,EC.Eaton@amcnetworks.com,,
669,Amanda,,Williams,Williams.Amanda@gmail.com,,
670,Danielle,,Jatzlau,DJatzlau@fonspr.com,,(267) 712-6121
671,Brittany,,Burniston,BJBurniston@mac.com,,
672,MAWinstead1451@gmail.com,,,MAWinstead1451@gmail.com,,
673,Brandi,,Thompson,Thompson.Brandi@ni.com,,
674,Jennifer,,Thompson,JA.Thompson@aol.com,,(512) 442-7374
675,Amy,,Criswell,Criswell@reelfx.com,,
676,joanna,,murphy,Murphy.Joanna@austinisd.org,,
677,Justine,,Crawford,J.Crawford15@gmail.com,,
678,Anne,,Figueroa,AFigueroa@namprd08.prod.outlook.com,,
679,Danielle,,Cannell,DCannell@siff.net,,
680,Cassandra,,Mcdaniel,C.Mcdaniel4@gmail.com,,
681,RJMonard@jingafilms.com,,,RJMonard@jingafilms.com,,
682,Courtney,,Philpot,CPhilpot1@gmail.com,,+1 (512) 793-1583
683,Tasha,,Weaver,T.R.Weaver7894@yahoo.com,,
684,Amy,,Vasquez,A.Vasquez8782@gmail.com,,
685,Kendra,,Morris,Morris.Kendra@yahoo.com,,(972) 400-3158
686,Holly,,Gray,,,(774) 654-2163
687,Alyson,,Thornton,ALThornton13@yahoo.com,,
688,Lisa,,Stuart,Stuart.Lisa@pmd-partners.com,,(561) 138-4772
689,MLAlvarado@lekbergenterprises.com,,,MLAlvarado@lekbergenterprises.com,,
690,Infante.Megan@gmail.com,,,Infante.Megan@gmail.com,,
691,Tiffany,,Rice,TRice@newfrontiersland.com,,
692,Katie,,Twocrow,K.Twocrow@good.us,,
693,Heather,,Ofori,Ofori.Heather@gmail.com,,
694,Kayla,,Chatman,K.Chatman@rev.com,,+1 (737) 156-8970
695,Kelli,,Sweat,KSweat10@yahoo.com,,
696,April,,Chacon,Chacon.April@comcast.net,,
697,kari,,Willingham,K.H.Willingham79@franklin.com,Franklin Resources,
698,Christie,,Solomon,Solomon.Christie@freebirds.com,,+1 (604) 311-1771
699,Paige,,Richardson,P.A.Richardson@mightycoconut.com,,+1 (256) 553-9437
700,Williams.Britney@gmail.com,,,Williams.Britney@gmail.com,,
701,Cheryl,,Amsler,CLAmsler6@gmail.com,,
702,Lindsey,,Fontenot,Fontenot.Lindsey@ymail.com,,(904) 575-3523
703,Devaney@utexas.edu,,,Devaney@utexas.edu,,
704,Ashley,,White,AshleyAngela.White@moose-mail.com,,
705,Holly,,Vazquez,Vazquez2@gmail.com,,(561) 489-0486
706,Katie,,Warman,K.Warman96@gmail.com,,
707,ashley,,almand,AAlmand@drafthouse.com,,+1 (512) 329-9279
708,Racheal,,Baynes,RBaynes@MyriadPictures.com,,
709,Leslie,,Taylor,LTaylor@beckmedia.com,,(973) 405-3766
710,CJ,,Ernster,CErnster@abacuspharmaintl.com,,(808) 873-6742
711,Sabrina,,Monceaux,Monceaux@zealotinc.com,,+1 (732) 224-6660
712,Lauren,,Umholtz,LNUmholtz518@yahoo.com,,
713,Elizabeth,,Defeo,E.Defeo4@gmail.com,,
714,Tracy,,Weston,Tracy.Weston@kurtiswilliams.com,,(510) 898-4743
715,Charmaine,,Kaestner,CLKaestner@otherworldsaustin.com,,
716,Stephanie,,Grabski,SGrabski32@gmail.com,,+1 (201) 682-4544
717,Jillian,,May,JBMay3361@gmail.com,,
718,Traci,,Jorgensen,Jorgensen.Traci@otherworldsaustin.com,,
719,Nichols.Brittany@utexas.edu,,,Nichols.Brittany@utexas.edu,,
720,Christian,,Pino,CPino@curvesolutions.com,,
721,Latasha,,Johnson,LJohnson@YouKnowIT.com,,
722,Christine,,Soriano,CSoriano@contentmediacorp.com,,
723,Michelle,,Haney,M.Haney4@gmail.com,,+1 (954) 250-7409
724,SCooper1@gmail.com,,,SCooper1@gmail.com,,
725,Kathryn,,,Smith.Kathryn@hotmail.com,,+1 (512) 852-9872
726,Megan,,Shockey,MShockey@YouKnowIT.com,,
727,Kylee,,Hamm,,,(323) 407-2101
728,Tonya,,Morris,TMorris3@gmail.com,,(318) 388-9734
729,Natalie,,Gurrola,N.A.Gurrola40@gmail.com,,(512) 919-2906
730,Erin,,Ortt,ENOrtt@yellowveilpictures.com,,+1 (512) 681-2929
731,Ashley,,Lopez,AJLopez95@gmail.com,,
732,ATate@austin.utexas.edu,,,ATate@austin.utexas.edu,,
733,Krystle,,Rodriguez,K.Rodriguez8047@gmail.com,,
734,"Gross, Brittany",,,BGross@zealotinc.com,,+1 (512) 892-6965
735,Natalie,,Crosby,NSCrosby95@gmail.com,,(619) 679-8407
736,Alicia,Lynn,Punzi,AliciaPunzi@ufcu.org,,
737,Heather,,Middleton,HMiddleton@mail.utexas.edu,,
738,Corina,,Comer,C.Comer@me.com,,
739,LauraK.Gandee@indigosound.net,,,LauraK.Gandee@indigosound.net,,
740,Kari,,Koehne,K.Koehne8@aviva.com,Aviva,+1 (512) 759-1412
741,Melissa,,Burkhart,MBurkhart9927@gmail.com,,
742,MJ,,Brunson,M.Brunson@utexas.edu,,+1 (512) 433-6092
743,Brinkman.Crystal@gmail.com,,,Brinkman.Crystal@gmail.com,,
744,Angela,,Madison,Madison.Angela@gmail.com,,
745,Amy,,Mears,AMears88@gmail.com,,+1 (646) 151-6693
746,Chelsie,,Richert,C.T.Richert@mac.com,,
747,Deana,,Gates,DeanaA6@gmail.com,,
748,Gail,,Villegas,GVillegas9517@gmail.com,,
749,Kathryn,,Renner,KRenner3@gmail.com,,
750,Natalie,,Kane,NatalieJKane43@gmail.com,,+1 (214) 275-2746
751,Ashley,,Holguin,,,(917) 848-4166
752,Elizabeth,,Upton,ElizabethK@drafthouse.com,,
753,Amanda,,Richardson,Richardson.Amanda@arts-and-labor.com,,
754,Melissa,,Gawlik,MCGawlik3@gmail.com,,
755,Candace,,Scarbrough,Candace@mac.com,,
756,J.B.,,Bonilla,Bonilla.Jessica@me.com,,
757,Valerie,,Balfe,VBalfe55@gmail.com,,
758,AFarnan67@gmail.com,,,AFarnan67@gmail.com,,
759,Rose,,Rios,RRios11@yahoo.com,,
760,Kristen,,Deters,,,(512) 787-2831
761,Lydia,,Garcia,Garcia10@gmail.com,,(512) 943-2180
762,Danielle.A.Hill6648@gmail.com,,,Danielle.A.Hill6648@gmail.com,,
763,whitney,,acosta,,,+1 (303) 252-0937
764,Tameka,,Hernandez,Hernandez1220@gmail.com,,
765,Boseman.James@gmail.com,,,Boseman.James@gmail.com,,
766,J.A.Geerts@ufcu.org,,,J.A.Geerts@ufcu.org,,
767,Ashleigh,,Johnson,AJohnson@mac.com,,(512) 445-4436
768,C.Steininger3841@gmail.com,,,C.Steininger3841@gmail.com,,
769,CWest3@gmail.com,,,CWest3@gmail.com,,
770,Randi,,,RJBelcher@wileywiggins.com,,
771,Raquel,,Stebbins,RaquelK.Stebbins@sbcglobal.net,,
772,Ashley,,Perkins,A.JPerkins1@gmail.com,,(201) 857-9556
773,Hannah,,benitez,,,(347) 473-2331
774,Thomas59@gmail.com,,,Thomas59@gmail.com,,
775,Katie,,Richardson,KRichardson1@gmail.com,,(281) 756-7571
776,Laura,,Green,L.Green@utexas.edu,,
777,Devon,,Galvis,DGalvis4659@gmail.com,,
778,Brenda,,Salinas,Salinas.Brenda@yahoo.com,,
779,M. J.,,Rollins,MJRollins@motelx.org,,
780,Kelly.Caroline@teamair.co.uk,,,Kelly.Caroline@teamair.co.uk,,
781,KSchubel2@gmail.com,,,KSchubel2@gmail.com,,
782,Shauna,,Gary,Shauna3165@gmail.com,,
783,Carey,,Herrera,C.Herrera8@gmail.com,,(512) 522-1089
784,,,,Garet@united.com,United States Cellular,
785,Kristen,,Lesieur,KLesieur58@gmail.com,,+1 (818) 771-1299
786,Laura,,Jaynes,Jaynes.Laura@hubinternational.com,,(337) 865-9165
787,A.Gacia@austin.utexas.edu,,,A.Gacia@austin.utexas.edu,,
788,Ortiz.Emily@gmail.com,,,Ortiz.Emily@gmail.com,,
789,"Reilly, Brandy",,,BCReilly3@gmail.com,,
790,Amy,,Joseph,AJoseph9018@gmail.com,,
791,Brittany,,Murphy,,,(512) 806-2738
792,Amber,,Hampton,ALHampton@austin.rr.com,,
793,Sara,,Baillie,ST.Baillie3@gmail.com,,+1 (973) 267-5747
794,Susan,,Gates,Gates.Susan@gmail.com,,
795,Jenny,Jane,Bonney,JJBonney@sthrower.com,,
796,"Roop, Melissa",,,M.K.Roop@screamhorrormag.com,,+1 (512) 115-3332
797,Gena,,Edmison,GBEdmison@cmeec.org,,+1 (763) 156-7159
798,erin,,Allen,Allen.Erin@audioease.com,,
799,Hope,,roy,HD.Roy@ufcu.org,,
800,A.Gingrich1857@gmail.com,,,A.Gingrich1857@gmail.com,,
801,J.D.,,Gonzalez,JGonzalez@nationbuilder.com,,
802,Jessica,,Weeks,JWeeks@wilsonelser.com,,(917) 474-7856
803,Crystal,,Perry,C.Perry@popshifter.com,,
804,April,,Johnson,A.Johnson3@yahoo.com,,
805,Kristina,,Otto,Otto2@gmail.com,,
806,Brittany,,Olszewski,B.Olszewski@realnormal.com,,
807,K.C.,,Ham,KHam2910@gmail.com,,
808,Emily,,Hutto,E.Hutto56@yahoo.com,,+1 (956) 940-0503
809,Joanna,,Maulding,JoannaMaulding@burtoncasting.com,,
810,Brittany,,,Brittany@wifylaw.com,,
811,Tanya,,Hall,THall@indieflix.com,,(857) 736-1296
812,Kimberly,,Boring,KBoring1138@gmail.com,,
813,Erica,,Coy,ECoy888@hotmail.com,,+1 (512) 969-2437
814,Marcella,,Lawrence,Lawrence.Marcella@gmail.com,,
815,Chelsea,,Rauh,CRauh@utexas.edu,,
816,RLHerrera2@gmail.com,,,RLHerrera2@gmail.com,,
817,Lynda,,Mccray,LMccray@arcanumpictures.com,,
818,Cynthia,,Franklin,,,(323) 205-5386
819,Tanya,,Troxell,TMTroxell@magpictures.com,,
820,Amanda,,Gurley,A.Gurley@thescriptspecialists.com,,
821,Vanessa,,Rodriguez,Rodriguez.Vanessa@icloud.com,,+1 (512) 807-9336
822,ECToso@rcn.com,,,ECToso@rcn.com,,
823,Laura,,Madrid,L.Madrid8@yahoo.com,,
824,Kelly,,Mould,K.Mould@mac.com,,
825,E.S.Walter@kurtandmelissa.com,,,E.S.Walter@kurtandmelissa.com,,
826,J.R.,,Cosco,JCosco7064@gmail.com,,(512) 569-5808
827,Christian,,Formento,Formento2@yahoo.com,,+1 (830) 713-5443
828,Katrina,,Dale,Dale.Katrina@lcpictures.com,,+1 (512) 450-1170
829,Sarah,,Barlett,SMBarlett@otherworldsaustin.com,,
830,Megan,,Reyes,MReyes55@gmail.com,,
831,Connie,,Fuller,,,(808) 875-0486
832,Kaitlin,,Matthews,Matthews@audioease.com,,
833,Nicole,,Pace,NS.Pace@wmeentertainment.com,,(214) 818-6666
834,Samantha,,Playter,Playter@burtoncasting.com,,
835,Whitney,,Ossont,WOssont@astro.as.utexas.edu,,(561) 691-7674
836,Kelly,,Alvord,KC.Alvord@utexas.edu,,+1 (512) 265-3058
837,Marlene,,Woodard,M.Woodard@fonspr.com,,
838,Stephanie,,Raymond,,,+1 (310) 678-0681
839,rachel,,sevilla,,,(512) 307-8331
840,Acosta.Erica@gmail.com,,,Acosta.Erica@gmail.com,,
841,TRamirez@theorchard.com,,,TRamirez@theorchard.com,,
842,Brittany,,Patel,Brittany.Patel@e3ent.net,,
843,Rebekah,,Noel,RLNoel@icmpartners.com,,(318) 102-4069
844,Patricia,,Howell,Howell.Patricia@gmail.com,,
845,Brandi,,Burne,Burne.Brandi@teamair.co.uk,,
846,JK,,Hetzler,JKHetzler6@gmail.com,,+1 (603) 249-5539
847,Christine,,Stafford,Stafford.Christine@songoffice.com,,
848,Judy,,Marenco,JMarenco0@gmail.com,,(201) 233-7133
849,Stephanie,,Brown,S.Brown2173@gmail.com,,
850,Lauren,,Jeanes,LJeanes3736@gmail.com,,(301) 649-4293
851,R.M.Price@dharmabomb.com,,,R.M.Price@dharmabomb.com,,
852,Mayorga.Patricia@gmail.com,,,Mayorga.Patricia@gmail.com,,
853,B.Dorn1@gmail.com,,,B.Dorn1@gmail.com,,
854,Jennifer,,Murray,JMurray@epic-pictures.com,,
855,Brandi,,Guy,BGuy@hullsupply.com,,
856,Megan,,Dilts,,Russell Consistent Growth,(315) 246-4794
857,Heather,,Denton,HDenton4894@gmail.com,,
858,Jennifer,,Mcadam,J.M.Mcadam@MyriadPictures.com,,+1 (512) 235-6183
859,Clarissa,,,C.Manser38@gmail.com,,
860,Kristina,,Nur,K.Nur@thescriptspecialists.com,,
861,Kristen,,Eager,KJEager3246@yahoo.com,,(310) 619-6237
862,sarah,,collins,Collins71@gmail.com,,(512) 970-3311
863,Michelle,,Kenimer,Kenimer.Michelle@arts-and-labor.com,,
864,Erin,,Taylor,E.Taylor3@gmail.com,,+1 (512) 977-9178
865,Jessica,,Mayes,JLMayes@utexas.edu,,
866,,,,EA.Meacham@webmd.com,Webmd Health,(512) 889-1700
867,SVStokes5@gmail.com,,,SVStokes5@gmail.com,,
868,Cassandra,,Graney,CSGraney7173@gmail.com,,(512) 264-8888
869,Lindsey,,Clark,LindseyClark7189@gmail.com,,
870,Vanessa,,Cook,Cook7724@gmail.com,,(512) 545-7854
871,Melanie,,Ely,MEly@mightycoconut.com,,
872,Jennifer,,Perea,Perea.Jennifer@gmail.com,,(512) 919-5289
873,TADwyer1@gmail.com,,,TADwyer1@gmail.com,,
874,emily,,eaton,,,+1 (267) 176-8241
875,Andrea,,,AndreaA@zealotinc.com,,
876,Barbara,,Russo,Russo6@yahoo.com,,(512) 176-2261
877,Anne,,Spain,ADSpain@erau.edu,,
878,K.J.,,Aston,KAston@thesilvertelegram.com,,
879,DJ,,Allen,DJ.Allen6@gmail.com,,(937) 914-9306
880,domonique,,peraza,DMPeraza@austinchronicle.com,,
881,Belinda,,Pagnotta,Belinda.Pagnotta@taubesummers.com,,
882,Kristin,,Rechkemmer,,,+1 (973) 545-1123
883,Laura,,,,,+1 (201) 529-5013
884,Kimberly,,Munoz,Munoz.Kimberly@gmail.com,,(832) 551-1000
885,"Wright, Megan",,,Wright10@gmail.com,,
886,EWalraven@iccaustin.coop,,,EWalraven@iccaustin.coop,,
887,Amanda,,Marquart,Marquart.Amanda@nationbuilder.com,,+1 (604) 271-8188
888,Kristin,,Potter,KPotter@sbcglobal.net,,(512) 924-4395
889,Elizabeth,,Thomson,,,(323) 429-2145
890,Karen,,Mattern,KMattern15@gmail.com,,
891,Lauren,,Deluca,L.D.Deluca@epic-pictures.com,,(512) 590-0391
892,Heather,,Chiman,Chiman@amcnetworks.com,,+1 (512) 365-8467
893,Danielle,,Alexander,Alexander.Danielle@gmail.com,,+1 (773) 737-2625
894,Crystal,,Toombs,,,+1 (857) 718-1879
895,GARamirez@sthrower.com,Anne,,GARamirez@sthrower.com,,
896,Jessica,,Drazin,JL.Drazin@austinchronicle.com,,(512) 871-2553
897,Ashley,,Estrada,Estrada.Ashley@gmail.com,,+1 (805) 613-8883
898,Lakeisha,,Rivera,L.D.Rivera@rombokas.com,,
899,Tiffany,,Reynolds,,,(954) 562-1301
900,A.Ortiz@drafthouse.com,,,A.Ortiz@drafthouse.com,,
901,lgraves@utexas.edu,,,LGraves@utexas.edu,,
902,Porn.Andrea@tiburon-transmedia.com,,,Porn.Andrea@tiburon-transmedia.com,,
903,Beverly,,king,BCKing@thescriptspecialists.com,,
904,KHorton@aol.com,,,KHorton@aol.com,,
905,Kimberly.Orstad0@gmail.com,,,Kimberly.Orstad0@gmail.com,,
906,sara,,Fuhrmann,,,(512) 940-6012
907,Caraballo.Jessica@arapahopartners.com,,,Caraballo.Jessica@arapahopartners.com,,
908,Sherry,,Johnsen,SJJohnsen5828@gmail.com,,+1 (432) 663-4166
909,Lisa,,Coaxum,LCoaxum@rarefriedss.com,,(646) 119-5881
910,Christina,,Manning,CManning@utexas.edu,,
911,EBShi1@yahoo.com,,,EBShi1@yahoo.com,,
912,Ashley,,Singal,,,+1 (561) 529-8332
913,Alicia,,Swanson,Swanson.Alicia@ap.com,Ap Acquisition,
914,BC.Miracle2614@yahoo.com,,,BC.Miracle2614@yahoo.com,,
915,Emily,,Sikes,Sikes.Emily@brigademarketing.com,,+1 (512) 911-2977
916,ACReaves1@gmail.com,,,ACReaves1@gmail.com,,
917,CBrewer@yellowveilpictures.com,,,CBrewer@yellowveilpictures.com,,
918,Rebecca,,Herrick,Herrick1643@gmail.com,,
919,Alcazar.Melissa@pmd-partners.com,,,Alcazar.Melissa@pmd-partners.com,,
920,A.HGage@zealotinc.com,,,A.HGage@zealotinc.com,,
921,Deanna,,Johnson,DJohnson3@gmail.com,,
922,,,,MJBagley@monterey.com,Monterey Gourmet Foods,
923,Victoria,,Smith,V.Smith@aol.com,,
924,ECBreault@att.net,,,ECBreault@att.net,,
925,Cierra,,Ruiz,Ruiz.Cierra@delphin-palast.de,,
926,danielle,,gibson,Gibson.Danielle@swbell.net,,
927,Sonia,,Epperson,SEpperson98@gmail.com,,
928,Jessica,,Hatfield,JHatfield92@gmail.com,,
929,Alexis,,Saam,AD.Saam4@yahoo.com,,
930,Mollie,,Hann,MHann465@gmail.com,,(201) 564-0924
931,k. d.,,teno,KTeno@aol.com,,+1 (703) 882-4781
932,meagan,,reeves,MCReeves3@gmail.com,,
933,S.Tokarczyk@brigademarketing.com,,,S.Tokarczyk@brigademarketing.com,,
934,Laura,,Cook,LBCook3682@gmail.com,,
935,Lisa,,Alcime,L.K.Alcime8@yahoo.com,,(512) 647-1327
936,Alyssa,,Burton,ABurton2@gmail.com,,(254) 717-8144
937,Jade,,Wood,J.Wood5807@gmail.com,,
938,Irene,,Conness,IConness@clearspringcg.com,,(512) 871-1964
939,Nicole,,Sheets,NPSheets7864@gmail.com,,+1 (512) 914-8176
940,Shavonne,,Vasseur,Shavonne.Vasseur@utexas.edu,,
941,Amanda,,,A.Yang@msn.com,,
942,Sarah,,Pullens,SDPullens@me.com,,(512) 885-1136
943,Linda,,Warmuth,Warmuth.Linda@ravenbanner.ca,,
944,Michelle,,Purcell,Michelle.V.Purcell69@gmail.com,,
945,theresa,,tice,TTice23@gmail.com,,
946,Autumn,,Suarez,Suarez.Autumn@yahoo.com,,+1 (832) 446-1389
947,Dannielle,,Cisneros,D.K.Cisneros4@gmail.com,,
948,Erin,,Javorsky,,,+1 (512) 950-1638
949,Tatiana,,Huggett,THuggett4@icloud.com,,(806) 514-4782
950,Stacy,,Dewart,S.Dewart4035@hotmail.com,,
951,Dominique,,Cocke,Cocke4@gmail.com,,
952,Brittni,,Kenney,Kenney.Brittni@gmail.com,,(818) 478-7355
953,Dearmon.Amanda@utexas.edu,,,Dearmon.Amanda@utexas.edu,,
954,Jamie,,Murphy,Jamie.S@ou.edu,,
955,Bethany,,Wilborn,BJ.Wilborn53@yahoo.com,,
956,HMcmullen6545@yahoo.com,,,HMcmullen6545@yahoo.com,,
957,Wendy,,Frisbie,WLFrisbie1712@gmail.com,,+1 (512) 247-2948
958,ashley,,wilson,A.Wilson194@gmail.com,,
959,Jennifer,,Burch,JBurch@austin.utexas.edu,,+1 (512) 323-1651
960,Dominique,,Headley,Dominique5@gmail.com,,
961,Tiffani,,Holloway,THolloway6408@yahoo.com,,(512) 786-8639
962,Jessica,,,JJ.Bible32@gmail.com,,
963,Nicole,,Edwards,N.Edwards@fonspr.com,,
964,Amber,,Cortez,Cortez.Amber@otherworldsaustin.com,,
965,kara,,howard,KHoward16@gmail.com,,+1 (512) 197-4911
966,Jennifer,,Burcham,J.Burcham8035@yahoo.com,,
967,Andrea,,Gilmore,Gilmore.Andrea@hotmail.com,,+1 (703) 224-7846
968,Megan,,Ruther,M.Ruther8@gmail.com,,
969,Brandie,,,Simpson@gov.texas.gov,,(469) 951-8788
970,Bethany,,Lewis,B.Lewis@hybride.com,,+1 (305) 411-6817
971,Kelly,,,Wilson.Kelly@fonspr.com,,(202) 850-3938
972,Brandy,,Devarona,,,+1 (512) 643-6516
973,"Tafoya, Courtney",,,Tafoya.Courtney@mac.com,,
974,Welch.Lauren@utexas.edu,,,Welch.Lauren@utexas.edu,,
975,Bridget,,Dimercurio,Dimercurio.Bridget@gmail.com,,
976,Veronica,,Moore,VMoore@austin.rr.com,,
977,Kathryn,,Martin,K.Martin7640@gmail.com,,+1 (917) 223-7188
978,jessica,,wong,Wong@aol.com,,+1 (512) 775-2599
979,JLAnderson5@gmail.com,,,JLAnderson5@gmail.com,,
980,Ashley,,lampo,A.Lampo0@gmail.com,,(954) 513-4794
981,Heidi,Anne,Hudson,HHudson8@gmail.com,,
982,Rebecca,,Smith,Smith1@gmail.com,,
983,Gonzalez.Nicole@gmail.com,,,Gonzalez.Nicole@gmail.com,,
984,Kelly,,Johnson,KJohnson@galaxytheatres.com,,(832) 222-8030
985,Natalie,,Herrera,Natalie7001@hotmail.com,,+1 (512) 367-8645
986,Christine,,Batey,CBatey3540@state.com,State Investors Bancorp,
987,Cecilia,,Mcdonald,Mcdonald.Cecilia@YouKnowIT.com,,
988,Ashley,,Roller,ARoller@davidorson.com,,
989,Jessica,,Rodriguez,Rodriguez.Jessica@mightycoconut.com,,+1 (443) 720-6922
990,Leah,,Aberle,LAberle33@gmail.com,,+1 (337) 133-0803
991,Gloria,,Taylor,GTaylor5@gmail.com,,
992,Whitney,,rondon,Rondon.Whitney@mac.com,,
993,Robin,,Bullock,,,+1 (310) 487-0829
994,Kristy,,Monk,Monk.Kristy@gmail.com,,
995,Bridget,,Bryant,B.Bryant@lbl.gov,,
996,M.Collins@bep-la.com,,,M.Collins@bep-la.com,,
997,Christopher,,Munoz,C.Munoz@aol.com,,+1 (323) 555-6151
998,leeann,,conrad,,,+1 (512) 332-7001
999,Meghan,,Villegas,Villegas.Meghan@moontowervfx.com,,(321) 560-8067
1000,Cristina,,Morgan,Morgan@filgate.com,,(561) 969-7619
1001,Rooney.Mary@gmail.com,,,Rooney.Mary@gmail.com,,
1002,Alyssa,,Parsons,AlyssaC0@gmail.com,,(310) 169-4779
1003,Linda,,Strosser,LStrosser4683@gmail.com,,
1004,Ana,,Li,A.Li@kik-me.com,,(305) 387-0943
1005,Angela,,White,White.Angela@amcnetworks.com,,
1006,Janell,,Jimenez,JS.Jimenez32@yahoo.com,,
1007,Tracy,,Standridge,TStandridge5482@gmail.com,,
1008,Crystal,,Cabello,Cabello@talfpllc.com,,(832) 654-2585
1009,ABlaser@icmpartners.com,,,ABlaser@icmpartners.com,,
1010,Lorena,,Willingham,LA.Willingham@ni.com,,
1011,Shannon,,Clark,Clark.Shannon@pcurry.com,,
1012,Rachel,,Ramos,Ramos.Rachel@icmpartners.com,,+1 (713) 107-6196
1013,Rebecca,,Martin,R.Martin79@yahoo.com,,
1014,Crystal,,Paguio,C.Paguio21@gmail.com,,(979) 379-9957
1015,Amanda,,Garza,,,+1 (888) 300-3154
1016,LauraN3@gmail.com,,,LauraN3@gmail.com,,
1017,Ashely,,Ally,Ally.Ashely@austin.utexas.edu,,+1 (210) 382-1945
1018,Meagan,,Delatorre,,,+1 (423) 392-5651
1019,Jessica,,Quintana,Quintana2@gmail.com,,
1020,Nicole,,Johnson,Johnson.Nicole@astro.as.utexas.edu,,
1021,Annette,,Hahn,Hahn.Annette@austin.rr.com,,
1022,B.Rackley@epic-pictures.com,,,B.Rackley@epic-pictures.com,,
1023,C.J.,,Whitley,CWhitley@msn.com,,
1024,Amanda,,Currie,Currie8500@gmail.com,,
1025,Lauren,,Rodriguez,Rodriguez.Lauren@gmail.com,,(737) 311-1014
1026,Angie,,Smith,A.C.Smith@careboxprogram.org,,
1027,samantha,,akhtar,Akhtar.Samantha@gmail.com,,
1028,jennifer,,camputaro,JCCamputaro0@gmail.com,,
1029,Tammy,,Jones,Jones.Tammy@yahoo.com,,
1030,Rebecca,,Degidio,RDegidio@aol.com,,+1 (508) 434-0516
1031,Lisa,,Mcclish,LCMcclish21@gmail.com,,
1032,Tiffany,,Coleman,,,+1 (512) 823-0203
1033,Amy,,Covey,Amy1767@yahoo.com,,
1034,J.R.,,Moore,JRMoore4@gmail.com,,+1 (512) 563-4891
1035,Katie,,Gilpin,KSGilpin7374@hotmail.com,,
1036,Sasha,,Crabbs,SCrabbs@fff.se,,
1037,anne,,shaw,Shaw.Anne@gmail.com,,+1 (917) 712-8983
1038,Rebekah,,Willis,RMWillis@drafthouse.com,,
1039,Margaret,,Hernandez,MHernandez@createadvertising.com,,
1040,Nicole,,Seman,,Silver Spring Networks,(512) 606-1175
1041,Ana,,Santiago,ASSantiago@erau.edu,,
1042,Crystal,,Covert,CCovert@rgear.com,,
1043,Michelle,,Alonzo,MAlonzo3@gmail.com,,+1 (631) 958-1882
1044,Megan,,Chairez,MChairez7271@gmail.com,,(954) 443-2440
1045,Jessica,,Johnson,Jessica.Johnson@doane.edu,,+1 (512) 200-5069
1046,Angela,,Kendrick,ACKendrick2@gmail.com,,
1047,Rachael,,Lawrence,RJLawrence@stsci.edu,,+1 (915) 259-0559
1048,Kelly,,Smith,K.N.Smith32@gmail.com,,
1049,Mandy,,Coker,Coker@thesilvertelegram.com,,(646) 646-1847
1050,Alicia,,Patterson,Patterson@utexas.edu,,(512) 440-4344
1051,Lindsay,,Barnes,LBarnes6567@gmail.com,,
1052,Michelle,,Rigby,MRigby8@hotmail.com,,
1053,CAWatson@kleinmanlawfirm.com,,,CAWatson@kleinmanlawfirm.com,,
1054,Leticia,,Brown,Leticia.Brown7@gmail.com,,
1055,Janet,,Ware,Ware.Janet@gvec.net,,(512) 520-7964
1056,AS.Flores@astro.as.utexas.edu,,,AS.Flores@astro.as.utexas.edu,,
1057,Kristie,,Sneed,Kristie.Sneed27@gmail.com,,
1058,CJ,,Palafox,Palafox.Christine@gmail.com,,(508) 128-6647
1059,Jean,,Giles,JCGiles@galaxytheatres.com,,
1060,Julie,,Arkadie,Arkadie.Julie@aol.com,,(512) 648-9083
1061,Rebecca,,Manera,Manera.Rebecca@austin.utexas.edu,,
1062,Jessica,,Moses,JPMoses@icmpartners.com,,
1063,SA.Carter@moontowervfx.com,,,SA.Carter@moontowervfx.com,,
1064,Andrea,,Williams,AWilliams7@gmail.com,,
1065,sbizzle5@yahoo.com,,,SBizzle5@yahoo.com,,
1066,Emily,,Armstrong,Armstrong.Emily@austin.utexas.edu,,
1067,,,,BT.Dawson@essent.com,Essent Group,
1068,Kara,,Castillo,KNCastillo@productioninsurance.com,,(956) 825-3294
1069,Jessica,,Powell,Powell.Jessica@gmail.com,,
1070,Amanda,,Beacham,Beacham.Amanda@melissatherapy.com,,
1071,crystal,,schimp,Schimp.Crystal@3dstereomedia.eu,,
1072,Denise,,Biradar,DMBiradar@amcnetworks.com,,
1073,leslie,,folco,,,(210) 661-0780
1074,CB.Aranda1250@gmail.com,,,CB.Aranda1250@gmail.com,,
1075,kahagar685@gmail.com,,,KAHagar685@gmail.com,,
1076,Ingram.Kelly@yahoo.com,,,Ingram.Kelly@yahoo.com,,
1077,Emily,,Kaley,Kaley@mac.com,,+1 (914) 887-2377
1078,"Nash, Sarah",,,SKNash@gearrental.com,,+1 (423) 985-0246
1079,MVap8225@gmail.com,,,MVap8225@gmail.com,,
1080,Strong.Krista@gmail.com,,,Strong.Krista@gmail.com,,
1081,rachel,,robeson,Robeson.Rachel@gmail.com,,
1082,April.J.Cimo@aol.com,,,April.J.Cimo@aol.com,,
1083,Monica,,Sullivan,MF.Sullivan44@gmail.com,,+1 (877) 351-5608
1084,Teresa,,Metz,Metz.Teresa@thesilvertelegram.com,,(503) 572-8497
1085,Kristen,,Anderson,KLAnderson@teamair.co.uk,,(512) 443-2252
1086,Kristine,,Hall,K.A.Hall@wilsonelser.com,,(937) 646-8554
1087,Christina,,Wright,C.C.Wright@quanergy.com,Quanergy Systems,
1088,Ashley,,Toth,AshleyM.Toth@tobiqing.de,,
1089,Whitney,,Council,WS.Council@mac.com,,
1090,Shannon,,Fong,Fong@cineform.com,,
1091,Tabitha,,Mick,TCMick5537@gmail.com,,(512) 221-7775
1092,Carina,,Dugue,Carina.Dugue2184@yahoo.com,,
1093,Kathleen,,Farve,KDFarve@anightofhorror.com,,
1094,JSimmons9131@hotmail.com,,,JSimmons9131@hotmail.com,,
1095,Elizabeth,,Call,Call77@yahoo.com,,+1 (510) 694-5866
1096,Danielle,,Lee,,,(323) 814-6123
1097,Justine,,Lopez,JLopez@instructure.com,,(940) 611-3588
1098,Gerstenkorn@austinfilm.org,,,Gerstenkorn@austinfilm.org,,
1099,Brittany,,Bowers,B.Bowers@moontowervfx.com,,(818) 932-8122
1100,S.Alexander1192@hotmail.com,,,S.Alexander1192@hotmail.com,,
1101,Lauren,,Sander,L.Sander@hawgfly.com,,+1 (512) 105-3409
1102,Emily,,Dang,Dang.Emily@gmail.com,,
1103,Amber,,,,,(512) 851-7853
1104,Courtney,,Revels,Revels.Courtney@thesilvertelegram.com,,
1105,Katie,,Franklin,KBFranklin@drafthouse.com,,
1106,Denise,,Sampedro,DSampedro80@yahoo.com,,
1107,Elizabeth,,,,,(973) 846-0385
1108,SaraS@stsci.edu,,,SaraS@stsci.edu,,
1109,laura,,jacobs,LEJacobs@utexas.edu,,+1 (214) 400-4277
1110,Angela,,Hughes,Hughes.Angela@yahoo.com,,
1111,Heather,,Malinoski,H.Malinoski@paulkampfstudios.com,,(512) 249-7194
1112,Owens98@gmail.com,,,Owens98@gmail.com,,
1113,Stacey,,Beltran,Beltran.Stacey@gmail.com,,(832) 307-0204
1114,Tia,,Walker,T.Walker3702@gmail.com,,(305) 303-1704
1115,Lisa,,Hermanson,Hermanson.Lisa@astro.as.utexas.edu,,
1116,Melanie,,Bowen,Bowen.Melanie@gmail.com,,
1117,Ashley,,Pinnock,APinnock66@gmail.com,,
1118,Monica,,Pappas,MonicaRebeccaPappas@pmd-partners.com,,
1119,Krystal,,Hays,Hays47@gmail.com,,+1 (800) 947-9719
1120,April,,Owen,,,(323) 872-2811
1121,Jacqueline,,Peacock,JPeacock@austinchronicle.com,,+1 (310) 327-0323
1122,Kelsey,,Hamilton,KCHamilton@mondotees.com,,(512) 477-5287
1123,Ashley,,Johnson,AAJohnson21@gmail.com,,(512) 200-7726
1124,Katie,,Manley,K.Manley0@yahoo.com,,+1 (562) 890-3717
1125,Brittany,,Perez,BPerez5650@gmail.com,,
1126,Bobbi,,Atkins,Bobbi@studiosoulever.com,,(604) 694-7310
1127,Rochelle,,Carroll,Carroll.Rochelle@astro.as.utexas.edu,,
1128,Samantha,,Sperry,S.Sperry@austin.utexas.edu,,
1129,Stacey,,Logan,,,(512) 894-3260
1130,Molly,,Tetreault,M.Tetreault@austin.utexas.edu,,
1131,Stephanie,,Ermis,StephanieM@phd.mccombs.utexas.edu,,
1132,Mary,,,M.Burdette@austin.utexas.edu,,
1133,Ruth,,Kalantari,Kalantari5361@yahoo.com,,
1134,,,Yoder,,,(512) 178-1596
1135,Sarah,,Ponce,Ponce.Sarah@nationbuilder.com,,(904) 470-4774
1136,R.N.Haimov@astro.as.utexas.edu,,,R.N.Haimov@astro.as.utexas.edu,,
1137,Jennifer,,Moore,J.Moore@austin.utexas.edu,,+1 (512) 891-9502
1138,Dana,,Gentry,D.Gentry@fonspr.com,,(917) 911-1189
1139,Natalie,,Hernandez,Hernandez.Natalie@picturehouse.com,,
1140,Megan,,Ogara,MeganAngela.Ogara36@gmail.com,,(914) 830-3368
1141,Sara,,Hoggan,SHoggan8@gmail.com,,
1142,Christina,,Lopez,CLopez4@gmail.com,,(314) 329-6105
1143,E.Flores1790@gmail.com,,,E.Flores1790@gmail.com,,
1144,Crystal,,Christensen,CKChristensen1@gmail.com,,+1 (512) 214-2268
1145,Kathryn,,Gaboriault,K.MGaboriault9962@gmail.com,,
1146,Vasa.Cindy@bellsouth.net,,,Vasa.Cindy@bellsouth.net,,
1147,Amy,,Phillip,A.Phillip97@gmail.com,,
1148,Brittany,,Reger,,,(310) 612-8677
1149,Connie,,Copeland,CC.Copeland@me.com,,
1150,OMalave@crowehorwath.com,,,OMalave@crowehorwath.com,,
1151,Mona,,Dugas,MonaDugas@michael-morlan.net,,
1152,A.J.,,Colon,AJ.Colon41@gmail.com,,(732) 894-9743
1153,JennaVSeverino@kinogopictures.com,,,JennaVSeverino@kinogopictures.com,,
1154,Brittany,,Proulx,BProulx2@gmail.com,,+1 (323) 286-5362
1155,R.A.Wolf@aol.com,,,R.A.Wolf@aol.com,,
1156,Christy,,Lilly,C.Lilly@caa.com,,
1157,MeganJ@email.progressive.com,,,MeganJ@email.progressive.com,,
1158,Cannon56@gmail.com,,,Cannon56@gmail.com,,
1159,David.Ping52@gmail.com,,,David.Ping52@gmail.com,,
1160,Cassie,,Todd,CTodd1@gmail.com,,
1161,melissa,,fraser,M.Fraser@aol.com,,+1 (404) 154-8568
1162,Wampler.Jill@hotmail.com,,,Wampler.Jill@hotmail.com,,
1163,Janna,,,Janna.Forrey@realitybasedgroup.com,,+1 (713) 734-9331
1164,Stacy,,Kinchion,SKinchion@rainbowsymphony.com,,
1165,Melissa,,Corter,MCorter@cases.netsuite.com,,
1166,Degroat@7hmedia.com,,,Degroat@7hmedia.com,,
1167,JT,,Nguyen,JT.Nguyen@3dcrave.com,,
1168,Lauren,,Smith,Smith.Lauren@blueyonder.co.uk,,
1169,Shirley,,Talkington,Talkington96@gmail.com,,
1170,Kimberly,,Li,Li.Kimberly@theupsstore.com,,
1171,Zavadil.Shamika@gmail.com,,,Zavadil.Shamika@gmail.com,,
1172,MJ,,Hansen,Hansen.Meghan@alexwinker.com,,
1173,Jessica,,,JS.Harper5@gmail.com,,+1 (281) 611-0706
1174,Meredith,,Wilkins,MWilkins0@hotmail.com,,(908) 568-4423
1175,Laura,,Hicks,LAHicks7506@gmail.com,,
1176,Michelle,,Coffman,M.Coffman@ironrodd.com,,(240) 728-2653
1177,MColonna@kinogopictures.com,,,MColonna@kinogopictures.com,,
1178,Sarah,,Jennings,,,(310) 173-5281
1179,Stephanie,,Mallin,Mallin.Stephanie@aol.com,,
1180,Jessica,,Vera,JBVera@mac.com,,
1181,Abbey,,Lewis,A.T.Lewis@brigham.com,Brigham Exploration,
1182,Jennifer,,Carpenter,J.Carpenter7625@yahoo.com,,
1183,Lauren,,Mendoza,LMendoza91@gmail.com,,(281) 439-5966
1184,Courtney,,Holt,Holt.Courtney@gmail.com,,
1185,Kimberly,,Melugin,,,+1 (281) 268-6036
1186,Krysta,,Irvin,Irvin.Krysta@austin.utexas.edu,,
1187,Danielle,,Ziegler,,,(512) 232-1653
1188,Patrice,,Carson,Carson@gvec.net,,+1 (904) 624-3153
1189,"Ezekiel, Rachel",,,Ezekiel.Rachel@hotmail.com,,
1190,"Arakaki, Christina",,,C.Arakaki9217@gmail.com,,
1191,Joy,,Watkins,JoyWatkins@austin.utexas.edu,,
1192,Nicole,,Chinta,,,+1 (561) 216-1690
1193,Brittany,,Brody,Brody854@yahoo.com,,
1194,BGaynor@soundcrafter.com,,,BGaynor@soundcrafter.com,,
1195,ARiden75@gmail.com,,,ARiden75@gmail.com,,
1196,Michele,,Poly,,,(646) 459-6064
1197,Leah,,Smith,,,+1 (512) 534-3101
1198,dmiller49@yahoo.com,,,DMiller49@yahoo.com,,
1199,Rebecca,,Lopez,RC.Lopez3158@gmail.com,,
1200,Katrina,,Giordano,Giordano.Katrina@hotmail.com,,(512) 336-1037
1201,Megan,,Crecelius,Crecelius.Megan@careboxprogram.org,,+1 (713) 758-7797
1202,Brook,,Bird,BJBird@epic-pictures.com,,(307) 499-7525
1203,Melissa,,Wilson,MLWilson8332@gmail.com,,
1204,JSDavidson@hubinternational.com,,,JSDavidson@hubinternational.com,,
1205,MSchappacher89@yahoo.com,,,MSchappacher89@yahoo.com,,
1206,Keri,,Henry,,,(512) 111-1583
1207,N.L.Woodard8368@gmail.com,,,N.L.Woodard8368@gmail.com,,
1208,Mary,,Odom,Odom.Mary@abiggerboat.com,,
1209,Diane,,Lampert,D.Lampert8681@gmail.com,,
1210,Amber,,Mcguire,A.Mcguire@ew.com,,
1211,Marina,,Lord,MVLord@gov.texas.gov,,+1 (843) 161-9591
1212,Lauren,,Plants,LPlants@good-fear.com,,(512) 607-3668
1213,Megan,,Griffiths,MBGriffiths@gearrental.com,,+1 (505) 594-4357
1214,Amanda,,Lindsay,,,+1 (512) 744-0231
1215,Heather,,Esparza,HH.Esparza4@gmail.com,,(763) 183-2628
1216,Jenna,,Groves,JGroves@lekbergenterprises.com,,
1217,Collins5@hotmail.com,,,Collins5@hotmail.com,,
1218,Crystal,,Jones,CLJones4@gmail.com,,
1219,Deborah,,Murphy,D.Murphy5@gmail.com,,
1220,E.Bowser@kastleman.com,,,E.Bowser@kastleman.com,,
1221,Erica,,Moody,E.Moody3@yahoo.com,,
1222,Melissa,,Aiken,Aiken6144@gmail.com,,(325) 597-8005
1223,Stacy,,Avitia,STAvitia7@gmail.com,,
1224,Lisa,,Jones,L.A.Jones8@gmail.com,,+1 (954) 789-4276
1225,Amanda,,Gardener,Gardener.Amanda@hotmail.com,,(215) 967-4330
1226,Daisy,,Carter,DCarter20@gmail.com,,
1227,Autumn,,Barnes,ABarnes7927@gmail.com,,
1228,AAKroenke@metricpost.com,,,AAKroenke@metricpost.com,,
1229,Tiffani,,Fierros,TFFierros@ufcu.org,,
1230,Samantha,,Gusman,Gusman.Samantha@utexas.edu,,
1231,Jessica,,Bryant,J.Bryant@freemystore.com,,
1232,Colleen,,Lee,CLee@michael-morlan.net,,
1233,A.Moreno@prosoundeffects.com,,,A.Moreno@prosoundeffects.com,,
1234,tcmcqueen@gmail.com,,,TCMcqueen@Gmail.com,,
1235,Kira,,Colon,KJColon5@gmail.com,,
1236,Caitlin,,Dominguez,Dominguez.Caitlin@dangelesq.com,,+1 (512) 927-4679
1237,Brandy,,Smith,Smith1@ymail.com,,
1238,Charity,,Olds,Olds6730@gmail.com,,
1239,Jessica,,Holton,Holton6@gmail.com,,
1240,Amy,,Clark,Clark.Amy@gmail.com,,
1241,Jessica,,Buchanan,J.C.Buchanan@bridgedtla.com,,(917) 172-8346
1242,Jeannette,,,JDearie@teamair.co.uk,,(940) 313-2669
1243,Christina,,Settlemyer,Settlemyer.Christina@gmail.com,,+1 (281) 973-0106
1244,Lindsay,,Murray,Murray3361@gmail.com,,
1245,Stephanie,,Castorino,S.S.Castorino7@gmail.com,,(512) 591-1411
1246,"Levie, Ashlee",,,ACLevie@moontowervfx.com,,
1247,Geye.Allison@yahoo.com,,,Geye.Allison@yahoo.com,,
1248,Linda,,Marcum,Linda@hullsupply.com,,
1249,Anne,,Garcia,AAGarcia72@gmail.com,,(210) 810-3610
1250,Jennifer,,Stinner,J.AStinner@GonzalesTexas.com,,
1251,Emily,,Page,E.B.Page7@gmail.com,,(508) 464-5670
1252,Heather,,Kidd,Heather.Kidd9057@gmail.com,,
1253,Celia,,Christensen,Christensen.Celia@fried.cc,,
1254,Veronica,,Alexander,VeronicaN@hybride.com,,+1 (310) 510-3902
1255,Brittany,,Walle,Walle.Brittany@moontowervfx.com,,
1256,Amanda,,Becerra,Becerra.Amanda@gmail.com,,(512) 913-8423
1257,Michelle,,Michelsen,MMichelsen4@hotmail.com,,(915) 165-6165
1258,Joann,,Marien,J.Marien@theorchard.com,,+1 (561) 203-6230
1259,LLVictoria8@gmail.com,,,LLVictoria8@gmail.com,,
1260,Kaitlin,,Sylvester,KASylvester@fonspr.com,,
1261,Erika,,Martinez,EMMartinez@aol.com,,
1262,Christine,,Consuegra,,,+1 (954) 673-7167
1263,Alicia,,Mcconnell,Mcconnell@instructure.com,,
1264,Ciara,,Brooks,Ciara.Brooks25@gmail.com,,(940) 514-9722
1265,AKKirkpatrick@skpinsurance.com,,,AKKirkpatrick@skpinsurance.com,,
1266,Melissa,,Walsh,MWalsh54@yahoo.com,,
1267,danielle,,Campbell,D.Campbell@swervepictures.com,,+1 (202) 490-3755
1268,LS.Gross1539@gmail.com,,,LS.Gross1539@gmail.com,,
1269,Lacy,,Wilson,L.Wilson@utexas.edu,,(512) 374-1720
1270,Valerie,,Gibson,VF.Gibson@youknowit.com,,(323) 683-4105
1271,Diana,,Lanas,D.Lanas9652@gmail.com,,(303) 902-9394
1272,Amanda,,Espinal,,,(512) 493-7208
1273,Michele,,Fernandez,MCFernandez@realnormal.com,,+1 (512) 695-2633
1274,Jeannette,,Nicotera,JO.Nicotera4219@yahoo.com,,
1275,Gina,,,Levy@good-fear.com,,
1276,Alissa,,Bleck,ABleck@utexas.edu,,(561) 345-5430
1277,Jill,,Zegers,JZegers@outlook.com,,
1278,Kaitlyn,,Gilgan,Gilgan.Kaitlyn@yale.edu,,
1279,Ibanez@sbgtv.com,,,Ibanez@sbgtv.com,,
1280,Madeline,,Kleist,MPKleist@ravenbanner.ca,,
1281,Tamara,,Ezra,TNEzra7@gmail.com,,(305) 928-2614
1282,Angela,,Brewer,,,+1 (512) 337-0730
1283,Carrie,,Kertzman,Kertzman7533@gmail.com,,
1284,T.J.,,Amundson,TJ.Amundson@wifylaw.com,,+1 (512) 532-7068
1285,Catherine,,Allison,Allison.Catherine@gmail.com,,(318) 805-6492
1286,DS.Cervantes@austin.utexas.edu,,,DS.Cervantes@austin.utexas.edu,,
1287,ADavies@mac.com,,,ADavies@mac.com,,
1288,Heather,,Roe,Heather.Roe@mightycoconut.com,,
1289,KBracken4321@hotmail.com,,,KBracken4321@hotmail.com,,
1290,Amanda,,Gleim,AGleim68@hotmail.com,,+1 (973) 927-8542
1291,Carrie,,Prabhu,Carrie@alumni.rice.edu,,
1292,Vanessa,,Lubey,Lubey.Vanessa@smvcm.com,,+1 (512) 874-3447
1293,Kelly,,Arce,Arce.Kelly@gmail.com,,(310) 944-6998
1294,Hannah,,Jackson,H.C.Jackson@email.progressive.com,,
1295,Sarah,,Bond,Sarah.Bond6@gmail.com,,(561) 325-9048
1296,Keri,,Chlebek,K.S.Chlebek@SweatEquityProductions.net,,
1297,Kimberly,,Deutsch,Kimberly@ifcfilms.com,,+1 (214) 686-1208
1298,Stephanie,,Eicher,Eicher.Stephanie@gmail.com,,
1299,Hilary,,Smolenski,HHSmolenski3772@hotmail.com,,+1 (561) 681-8032
1300,Jennifer,,Alvarado,JAlvarado4@yahoo.com,,+1 (281) 680-5408
1301,Marisa,,Preis,Preis3001@gmail.com,,
1302,Shannon,,Taylor,STaylor79@gmail.com,,
1303,Lucia,,Poole,Poole@nationbuilder.com,,
1304,Danielle,,Bradley,DA.Bradley@ups.com,,
1305,Sarah,,Lee,S.E.Lee68@gmail.com,,
1306,Ashley,,Dyer,A.Dyer69@gmail.com,,
1307,Nicole,,Collier,,,+1 (281) 367-1580
1308,Allison,,Jackson,AJJackson@beckmedia.com,,
1309,Nicole,,molina,NTMolina@swervepictures.com,,
1310,BMMa2@gmail.com,,,BMMa2@gmail.com,,
1311,Esther,,Mcfarland,EMcfarland97@gmail.com,,(512) 731-8738
1312,kt,,,Desens.Katie@jsb.com,Jsb Financial,(215) 466-7136
1313,Sarah,,Winchester,S.T.Winchester@phd.mccombs.utexas.edu,,
1314,CATorres@namprd08.prod.outlook.com,,,CATorres@namprd08.prod.outlook.com,,
1315,K.J.,,Martin,K.Martin11@gmail.com,,(323) 740-9519
1316,Heather,,Martin,Martin5255@gmail.com,,(647) 847-5006
1317,Tonya,,Williams,,,(512) 737-2644
1318,Stacy,,Stayer,Stayer@rosellc.net,,
1319,Traci,,Clement,TLClement5@gmail.com,,
1320,Amanda,,Steffl,ASteffl8@yahoo.com,,(510) 342-1395
1321,Devon,,White,DWhite2806@gmail.com,,
1322,Ross.Melanie@gmail.com,,,Ross.Melanie@gmail.com,,
1323,Krystal,,Martin,KMMartin@nationbuilder.com,,+1 (432) 932-3965
1324,Tiffany,,Ivanova,Ivanova.Tiffany@gmail.com,,
1325,Madeline,,Oium,,,+1 (857) 637-4200
1326,MeganM@gearrental.com,,,MeganM@gearrental.com,,
1327,Anderson.Brittany@gmail.com,,,Anderson.Brittany@gmail.com,,
1328,C.J.,,Stclair,Stclair.Christine@gmail.com,,(512) 254-3936
